transformed_value,cluster_value
"Non, Je Ne Regrette Rien by √âdith Piaf","Non, Je Ne Regrette Rien by √âdith Piaf"
"Non, Je Ne Regrette Rien by √âdith Piaf","Non, je ne regrette rien by √âdith Piaf"
"Non, Je Ne Regrette Rien by √âdith Piaf","Non, je ne Regrette Rien by √âdith Piaf"
"Non, Je Ne Regrette Rien by √âdith Piaf","Non, Je ne regrette rien by √âdith Piaf"
Peter And The Wolf by Sergei Prokofiev,Peter And The Wolf by Sergei Prokofiev
Peter And The Wolf by Sergei Prokofiev,Peter and The Wolf by Sergei Prokofiev
Peter And The Wolf by Sergei Prokofiev,Peter and the Wolf by Sergei Prokofiev
Peter And The Wolf by Sergei Prokofiev,Prokofiev: Peter and the Wolf by Sergei Prokofiev
Multos Annos (Russian Orthodox Liturgy) by Choir Of The Russian Church Of The Metropolitan Of Paris,Multos Annos (Russian Orthodox Liturgy) by Choir Of The Russian Church Of The Metropolitan Of Paris
Multos Annos (Russian Orthodox Liturgy) by Choir Of The Russian Church Of The Metropolitan Of Paris,Multos Annos (Russian Orthodox Liturgy) by Choir of the  Russian Church of the Metropolitan of Paris
Multos Annos (Russian Orthodox Liturgy) by Choir Of The Russian Church Of The Metropolitan Of Paris,Multos Annos (Russian Orthodox Liturgy) by Choir of the Russian Church of the Metropolitan of Paris
Brandenburg Concerto No. 6 in B flat major by Johann Sebastian Bach,Brandenburg Concerto No. 6 in B flat major by Johann Sebastian Bach
Brandenburg Concerto No. 6 in B flat major by Johann Sebastian Bach,Brandenburg Concerto No. 6 In B Flat Major by Johann Sebastian Bach
Brandenburg Concerto No. 6 in B flat major by Johann Sebastian Bach,Brandenburg Concerto No. 6 in B Flat Major by Johann Sebastian Bach
I Wish I Knew (How It Would Feel To Be Free) by Nina Simone,I Wish I Knew (How It Would Feel To Be Free) by Nina Simone
I Wish I Knew (How It Would Feel To Be Free) by Nina Simone,I Wish I Knew How It Would Feel To Be Free by Nina Simone
I Wish I Knew (How It Would Feel To Be Free) by Nina Simone,I Wish I Knew how it would feel to be Free by Nina Simone
Violin Sonata in A major by C√©sar Franck,Violin Sonata in A major by C√©sar Franck
Violin Sonata in A major by C√©sar Franck,Violin Sonata in A Major by C√©sar Franck
Violin Sonata in A major by C√©sar Franck,Violin Sonata In A Major by C√©sar Franck
La Vie En Rose by √âdith Piaf,La Vie En Rose by √âdith Piaf
La Vie En Rose by √âdith Piaf,La Vie en Rose by √âdith Piaf
La Vie En Rose by √âdith Piaf,La vie en rose by √âdith Piaf
If You Were the Only Girl in the World by Violet Loraine & George Robey,If You Were the Only Girl in the World by Violet Loraine & George Robey
If You Were the Only Girl in the World by Violet Loraine & George Robey,If You Were The Only Girl In The World by Violet Loraine & George Robey
If You Were the Only Girl in the World by Violet Loraine & George Robey,If You Were The Only Girl In The World by George Robey & Violet Loraine
Smoke Gets In Your Eyes by Carroll Gibbons and His Boy Friends,Smoke Gets In Your Eyes by Carroll Gibbons and His Boy Friends
Smoke Gets In Your Eyes by Carroll Gibbons and His Boy Friends,Smoke Gets in Your Eyes by Carroll Gibbons and His Boy Friends
Smoke Gets In Your Eyes by Carroll Gibbons and His Boy Friends,Smoke Gets in your Eyes by Carroll Gibbons and His Boy Friends
Green Green Grass of Home by Tom Jones,Green Green Grass of Home by Tom Jones
Green Green Grass of Home by Tom Jones,"Green, Green Grass of Home by Tom Jones"
Green Green Grass of Home by Tom Jones,"Green, Green Grass Of Home by Tom Jones"
Toccata and Fugue in D Minor by Johann Sebastian Bach/Stokowski,Toccata and Fugue in D Minor by Johann Sebastian Bach/Stokowski
Toccata and Fugue in D Minor by Johann Sebastian Bach/Stokowski,Toccata and Fugue In D Minor by Johann Sebastian Bach/Stokowski
Toccata and Fugue in D Minor by Johann Sebastian Bach/Stokowski,Toccata and Fugue in D minor by Johann Sebastian Bach/Stokowski
Memories Are Made Of This by Dean Martin,Memories Are Made Of This by Dean Martin
Memories Are Made Of This by Dean Martin,Memories Are Made of This by Dean Martin
Memories Are Made Of This by Dean Martin,Memories are Made of This by Dean Martin
String Quintet in C major by Franz Schubert,String Quintet in C major by Franz Schubert
String Quintet in C major by Franz Schubert,String Quintet In C Major by Franz Schubert
String Quintet in C major by Franz Schubert,String Quintet in C Major by Franz Schubert
Symphony No. 40 In G Minor by Wolfgang Amadeus Mozart,Symphony No. 40 In G Minor by Wolfgang Amadeus Mozart
Symphony No. 40 In G Minor by Wolfgang Amadeus Mozart,Symphony No. 40 in G minor by Wolfgang Amadeus Mozart
Symphony No. 40 In G Minor by Wolfgang Amadeus Mozart,Symphony No. 40 in G Minor by Wolfgang Amadeus Mozart
L'Isle Joyeuse by Claude Debussy,L'Isle Joyeuse by Claude Debussy
L'Isle Joyeuse by Claude Debussy,L'isle Joyeuse by Claude Debussy
L'Isle Joyeuse by Claude Debussy,L'isle joyeuse by Claude Debussy
I've Got You Under My Skin by Frank Sinatra,I've Got You Under My Skin by Frank Sinatra
I've Got You Under My Skin by Frank Sinatra,I've got you Under My Skin by Frank Sinatra
I've Got You Under My Skin by Frank Sinatra,I've Got You Under my Skin by Frank Sinatra
Brandenburg Concerto No. 4 In G Major by Johann Sebastian Bach,Brandenburg Concerto No. 4 In G Major by Johann Sebastian Bach
Brandenburg Concerto No. 4 In G Major by Johann Sebastian Bach,Brandenburg Concerto No. 4 In G major by Johann Sebastian Bach
Brandenburg Concerto No. 4 In G Major by Johann Sebastian Bach,Brandenburg Concerto No. 4 in G major by Johann Sebastian Bach
Symphony No. 1 in C minor by Johannes Brahms,Symphony No. 1 in C minor by Johannes Brahms
Symphony No. 1 in C minor by Johannes Brahms,Symphony No. 1 in C Minor by Johannes Brahms
Symphony No. 1 in C minor by Johannes Brahms,Symphony No 1 in C Minor by Johannes Brahms
Symphony No. 5 in E minor by Peter Ilyich Tchaikovsky,Symphony No. 5 in E minor by Peter Ilyich Tchaikovsky
Symphony No. 5 in E minor by Peter Ilyich Tchaikovsky,Symphony No. 5 In E Minor by Peter Ilyich Tchaikovsky
Symphony No. 5 in E minor by Peter Ilyich Tchaikovsky,Symphony No. 5 in E Minor by Peter Ilyich Tchaikovsky
Symphony No. 4 In B Flat Major by Ludwig van Beethoven,Symphony No. 4 In B Flat Major by Ludwig van Beethoven
Symphony No. 4 In B Flat Major by Ludwig van Beethoven,Symphony No. 4 in B flat major by Ludwig van Beethoven
Symphony No. 4 In B Flat Major by Ludwig van Beethoven,Symphony No.  4 in B flat major by Ludwig van Beethoven
Fields Of Gold by Sting,Fields Of Gold by Sting
Fields Of Gold by Sting,Fields of Gold by Sting
Fields Of Gold by Sting,Fields of gold by Sting
Passacaglia and Fugue in C Minor by Johann Sebastian Bach,Passacaglia and Fugue in C Minor by Johann Sebastian Bach
Passacaglia and Fugue in C Minor by Johann Sebastian Bach,Passacaglia and Fugue In C Minor by Johann Sebastian Bach
Passacaglia and Fugue in C Minor by Johann Sebastian Bach,Passacaglia and Fugue in C minor by Johann Sebastian Bach
On Hearing The First Cuckoo In Spring by Frederick Delius,On Hearing The First Cuckoo In Spring by Frederick Delius
On Hearing The First Cuckoo In Spring by Frederick Delius,On Hearing the First Cuckoo in Spring by Frederick Delius
On Hearing The First Cuckoo In Spring by Frederick Delius,On Hearing The First Cuckoo in Spring by Frederick Delius
Wind Beneath My Wings by Bette Midler,Wind Beneath My Wings by Bette Midler
Wind Beneath My Wings by Bette Midler,Wind Beneath my Wings by Bette Midler
Wind Beneath My Wings by Bette Midler,Wind beneath my wings by Bette Midler
Sinfonia Concertante in E flat major by Wolfgang Amadeus Mozart,Sinfonia Concertante in E flat major by Wolfgang Amadeus Mozart
Sinfonia Concertante in E flat major by Wolfgang Amadeus Mozart,Sinfonia Concertante In E Flat Major by Wolfgang Amadeus Mozart
Sinfonia Concertante in E flat major by Wolfgang Amadeus Mozart,Sinfonia Concertante in E Flat Major by Wolfgang Amadeus Mozart
The Lord is My Shepherd by Glasgow Orpheus Choir,The Lord is My Shepherd by Glasgow Orpheus Choir
The Lord is My Shepherd by Glasgow Orpheus Choir,The Lord Is My Shepherd by Glasgow Orpheus Choir
The Lord is My Shepherd by Glasgow Orpheus Choir,The Lord is my Shepherd by Glasgow Orpheus Choir
"This Was Their Finest Hour (speech, 18 June 1940) by Winston Churchill","This Was Their Finest Hour (speech, 18 June 1940) by Winston Churchill"
"This Was Their Finest Hour (speech, 18 June 1940) by Winston Churchill","This was their Finest Hour (speech, 18 June 1940) by Winston Churchill"
"This Was Their Finest Hour (speech, 18 June 1940) by Winston Churchill","This was Their Finest Hour (speech, 18 June 1940) by Winston Churchill"
E Lucevan Le Stelle (from Tosca) by Giacomo Puccini,E Lucevan Le Stelle (from Tosca) by Giacomo Puccini
E Lucevan Le Stelle (from Tosca) by Giacomo Puccini,E lucevan le stelle (from Tosca) by Giacomo Puccini
E Lucevan Le Stelle (from Tosca) by Giacomo Puccini,E Lucevan le Stelle (from Tosca) by Giacomo Puccini
In The Wee Small Hours Of The Morning by Frank Sinatra,In The Wee Small Hours Of The Morning by Frank Sinatra
In The Wee Small Hours Of The Morning by Frank Sinatra,In the Wee Small Hours of the Morning by Frank Sinatra
In The Wee Small Hours Of The Morning by Frank Sinatra,In The Wee Small Hours of the Morning by Frank Sinatra
The trumpet shall sound (from Messiah) by George Frideric Handel,The trumpet shall sound (from Messiah) by George Frideric Handel
The trumpet shall sound (from Messiah) by George Frideric Handel,The Trumpet Shall Sound (from Messiah) by George Frideric Handel
The trumpet shall sound (from Messiah) by George Frideric Handel,The Trumpet Shall Sound from Messiah by George Frideric Handel
Love Is Here To Stay by Ella Fitzgerald,Love Is Here To Stay by Ella Fitzgerald
Love Is Here To Stay by Ella Fitzgerald,Love is Here to Stay by Ella Fitzgerald
Love Is Here To Stay by Ella Fitzgerald,Love is here to Stay by Ella Fitzgerald
Spem In Alium by Thomas Tallis,Spem In Alium by Thomas Tallis
Spem In Alium by Thomas Tallis,Spem in Alium by Thomas Tallis
Spem In Alium by Thomas Tallis,Spem in alium by Thomas Tallis
Symphony No. 7 in A major by Ludwig van Beethoven,Symphony No. 7 in A major by Ludwig van Beethoven
Symphony No. 7 in A major by Ludwig van Beethoven,Symphony No. 7 In A Major by Ludwig van Beethoven
Symphony No. 7 in A major by Ludwig van Beethoven,Symphony No. 7 in A Major by Ludwig van Beethoven
Ne Me Quitte Pas by Jacques Brel,Ne Me Quitte Pas by Jacques Brel
Ne Me Quitte Pas by Jacques Brel,Ne me Quitte Pas by Jacques Brel
Ne Me Quitte Pas by Jacques Brel,Ne me quitte pas by Jacques Brel
Fantasia On A Theme By Thomas Tallis by Ralph Vaughan Williams,Fantasia On A Theme By Thomas Tallis by Ralph Vaughan Williams
Fantasia On A Theme By Thomas Tallis by Ralph Vaughan Williams,Fantasia on a Theme by Thomas Tallis by Ralph Vaughan Williams
Fantasia On A Theme By Thomas Tallis by Ralph Vaughan Williams,Ralph Vaughan Williams - Fantasia on a Theme by Thomas Tallis by Ralph Vaughan Williams
(Everything I Do) I Do It For You by Bryan Adams,(Everything I Do) I Do It For You by Bryan Adams
(Everything I Do) I Do It For You by Bryan Adams,(Everything I do) I Do It For You by Bryan Adams
(Everything I Do) I Do It For You by Bryan Adams,(Everything I do) I Do it For You by Bryan Adams
"My Love is Like a Red, Red Rose by Kenneth McKellar","My Love is Like a Red, Red Rose by Kenneth McKellar"
"My Love is Like a Red, Red Rose by Kenneth McKellar","My Love Is Like A Red, Red Rose by Kenneth McKellar"
"My Love is Like a Red, Red Rose by Kenneth McKellar","My Love is Like A Red, Red Rose by Kenneth McKellar"
Fear No More the Heat O' the Sun (from Cymbeline) by William Shakespeare,Fear No More the Heat O' the Sun (from Cymbeline) by William Shakespeare
Fear No More the Heat O' the Sun (from Cymbeline) by William Shakespeare,Fear No More The Heat O' The Sun (from Cymbeline) by William Shakespeare
Fear No More the Heat O' the Sun (from Cymbeline) by William Shakespeare,Fear no more the heat o' the sun (from Cymbeline) by William Shakespeare
Shadows on the Grass by Irene Handl & Peter Sellers,Shadows on the Grass by Irene Handl & Peter Sellers
Shadows on the Grass by Irene Handl & Peter Sellers,Shadows On The Grass by Irene Handl & Peter Sellers
Piano Concerto No. 2 in C minor by Sergey Rachmaninov,Piano Concerto No. 2 in C minor by Sergey Rachmaninov
Piano Concerto No. 2 in C minor by Sergey Rachmaninov,Piano Concerto No. 2 in C Minor by Sergey Rachmaninov
This Woman's Work by Kate Bush,This Woman's Work by Kate Bush
This Woman's Work by Kate Bush,This Woman's work by Kate Bush
A Little Of What You Fancy Does You Good by Marie Lloyd,A Little Of What You Fancy Does You Good by Marie Lloyd
A Little Of What You Fancy Does You Good by Marie Lloyd,A Little of What You Fancy Does You Good by Marie Lloyd
Someday My Heart Will Awake (from Kings Rhapsody) by Vanessa Lee,Someday My Heart Will Awake (from Kings Rhapsody) by Vanessa Lee
Someday My Heart Will Awake (from Kings Rhapsody) by Vanessa Lee,Someday my heart will awake (from King's Rhapsody) by Vanessa Lee
At The Woodchopper's Ball by Woody Herman and His Orchestra,At The Woodchopper's Ball by Woody Herman and His Orchestra
At The Woodchopper's Ball by Woody Herman and His Orchestra,At the Woodchopper's Ball by Woody Herman and His Orchestra
The Turn Of The Screw by Benjamin Britten,The Turn Of The Screw by Benjamin Britten
The Turn Of The Screw by Benjamin Britten,The Turn of the Screw by Benjamin Britten
The Yeoman Of England by Peter Glossop,The Yeoman Of England by Peter Glossop
The Yeoman Of England by Peter Glossop,The Yeoman of England by Peter Glossop
Fugue On Bop Themes by The Dave Brubeck Octet,Fugue On Bop Themes by The Dave Brubeck Octet
Fugue On Bop Themes by The Dave Brubeck Octet,Fugue on Bop Themes by The Dave Brubeck Octet
A Change Is Gonna Come by Sam Cooke,A Change Is Gonna Come by Sam Cooke
A Change Is Gonna Come by Sam Cooke,A Change is Gonna Come by Sam Cooke
Alfred Drake & Joan Roberts - People Will Say We're In Love,Alfred Drake & Joan Roberts - People Will Say We're In Love
Alfred Drake & Joan Roberts - People Will Say We're In Love,Alfred Drake & Joan Roberts - People Will Say We're in Love
Vissi d'arte (from Tosca) by Giacomo Puccini,Vissi d'arte (from Tosca) by Giacomo Puccini
Vissi d'arte (from Tosca) by Giacomo Puccini,Vissi D'Arte (from Tosca) by Giacomo Puccini
Take On Me by a‚Äêha,Take On Me by a‚Äêha
Take On Me by a‚Äêha,Take on Me by a‚Äêha
Tales from the Vienna Woods,Tales from the Vienna Woods
Tales from the Vienna Woods,Tales From The Vienna Woods
String Quartet in F Major by Maurice Ravel,String Quartet in F Major by Maurice Ravel
String Quartet in F Major by Maurice Ravel,String Quartet in F major by Maurice Ravel
Piano Quintet in A major 'Trout' - 4th movement by Franz Schubert,Piano Quintet in A major 'Trout' - 4th movement by Franz Schubert
Piano Quintet in A major 'Trout' - 4th movement by Franz Schubert,Piano Quintet in A major 'Trout' - 4th Movement by Franz Schubert
Brandenburg Concerto No. 3 in G major by Johann Sebastian Bach,Brandenburg Concerto No. 3 in G major by Johann Sebastian Bach
Brandenburg Concerto No. 3 in G major by Johann Sebastian Bach,Brandenburg Concerto No. 3 in G Major by Johann Sebastian Bach
Last Train To San Fernando by Johnny Duncan & His Bluegrass Boys,Last Train To San Fernando by Johnny Duncan & His Bluegrass Boys
Last Train To San Fernando by Johnny Duncan & His Bluegrass Boys,Last Train to San Fernando by Johnny Duncan & His Bluegrass Boys
Don't Cry For Me Argentina by Elaine Paige,Don't Cry For Me Argentina by Elaine Paige
Don't Cry For Me Argentina by Elaine Paige,Don't Cry for Me Argentina by Elaine Paige
There Are Bad Times Just Around the Corner by No√´l Coward,There Are Bad Times Just Around the Corner by No√´l Coward
There Are Bad Times Just Around the Corner by No√´l Coward,There are Bad Times Just Around the Corner by No√´l Coward
Animal Crackers in My Soup by Shirley Temple,Animal Crackers in My Soup by Shirley Temple
Animal Crackers in My Soup by Shirley Temple,Animal Crackers in my Soup by Shirley Temple
You Can't Keep A Good Dreamer Down by Sid Field,You Can't Keep A Good Dreamer Down by Sid Field
You Can't Keep A Good Dreamer Down by Sid Field,You Can't Keep a Good Dreamer Down by Sid Field
Cavalleria Rusticana by Pietro Mascagni,Cavalleria Rusticana by Pietro Mascagni
Cavalleria Rusticana by Pietro Mascagni,Cavalleria rusticana by Pietro Mascagni
One Moment in Time by Whitney Houston,One Moment in Time by Whitney Houston
One Moment in Time by Whitney Houston,One Moment In Time by Whitney Houston
Anarchy in the UK by Sex Pistols,Anarchy in the UK by Sex Pistols
Anarchy in the UK by Sex Pistols,Anarchy In The UK by Sex Pistols
Piano Concerto in G Major by Maurice Ravel,Piano Concerto in G Major by Maurice Ravel
Piano Concerto in G Major by Maurice Ravel,Piano Concerto in G major by Maurice Ravel
I Get A Kick Out Of You by Ethel Merman,I Get A Kick Out Of You by Ethel Merman
I Get A Kick Out Of You by Ethel Merman,I Get a Kick Out of You by Ethel Merman
Down to the River to Pray by Alison Krauss,Down to the River to Pray by Alison Krauss
Down to the River to Pray by Alison Krauss,Down To The River To Pray by Alison Krauss
On the Trail by NBC Symphony Orchestra,On the Trail by NBC Symphony Orchestra
On the Trail by NBC Symphony Orchestra,On The Trail by NBC Symphony Orchestra
Dite alla giovine (from La Traviata) by Giuseppe Verdi,Dite alla giovine (from La Traviata) by Giuseppe Verdi
Dite alla giovine (from La Traviata) by Giuseppe Verdi,Dite alla giovine (from La traviata) by Giuseppe Verdi
Symphony in D Minor by C√©sar Franck,Symphony in D Minor by C√©sar Franck
Symphony in D Minor by C√©sar Franck,Symphony In D Minor by C√©sar Franck
Bless This House by Webster Booth,Bless This House by Webster Booth
Bless This House by Webster Booth,Bless this House by Webster Booth
Georgia On My Mind by Ray Charles,Georgia On My Mind by Ray Charles
Georgia On My Mind by Ray Charles,Georgia on my Mind by Ray Charles
Get Me to the Church on Time by Stanley Holloway,Get Me to the Church on Time by Stanley Holloway
Get Me to the Church on Time by Stanley Holloway,Get Me To The Church On Time by Stanley Holloway
Just One Of Those Things by Frank Sinatra,Just One Of Those Things by Frank Sinatra
Just One Of Those Things by Frank Sinatra,Just One of Those Things by Frank Sinatra
"Right, Said Fred by Bernard Cribbins","Right, Said Fred by Bernard Cribbins"
"Right, Said Fred by Bernard Cribbins",Right Said Fred by Bernard Cribbins
And Her Mother Came Too by Jack Buchanan,And Her Mother Came Too by Jack Buchanan
And Her Mother Came Too by Jack Buchanan,And her Mother Came Too by Jack Buchanan
Brandenburg Concerto No. 1 in F Major by Johann Sebastian Bach,Brandenburg Concerto No. 1 in F Major by Johann Sebastian Bach
Brandenburg Concerto No. 1 in F Major by Johann Sebastian Bach,Brandenburg Concerto No. 1 in F major by Johann Sebastian Bach
Love And Affection by Joan Armatrading,Love And Affection by Joan Armatrading
Love And Affection by Joan Armatrading,Love and Affection by Joan Armatrading
What A Wonderful World by Louis Armstrong,What A Wonderful World by Louis Armstrong
What A Wonderful World by Louis Armstrong,What a Wonderful World by Louis Armstrong
Happy Days Are Here Again by Jack Hylton & His Orchestra,Happy Days Are Here Again by Jack Hylton & His Orchestra
Happy Days Are Here Again by Jack Hylton & His Orchestra,Happy Days are Here Again by Jack Hylton & His Orchestra
Mull Of Kintyre by Wings,Mull Of Kintyre by Wings
Mull Of Kintyre by Wings,Mull of Kintyre by Wings
(Sittin' On) The Dock of the Bay by Otis Redding,(Sittin' On) The Dock of the Bay by Otis Redding
(Sittin' On) The Dock of the Bay by Otis Redding,(Sittin' On) The Dock of The Bay by Otis Redding
Always on My Mind by Willie Nelson,Always on My Mind by Willie Nelson
Always on My Mind by Willie Nelson,Always On My Mind by Willie Nelson
A String Of Pearls by The Glenn Miller Orchestra,A String Of Pearls by The Glenn Miller Orchestra
A String Of Pearls by The Glenn Miller Orchestra,A String of Pearls by The Glenn Miller Orchestra
Have I Told You Lately by Van Morrison,Have I Told You Lately by Van Morrison
Have I Told You Lately by Van Morrison,Have I told you lately? by Van Morrison
Meditations on a theme by John Blow by Arthur Bliss,Meditations on a theme by John Blow by Arthur Bliss
Meditations on a theme by John Blow by Arthur Bliss,Meditations On A Theme By John Blow by Arthur Bliss
Introducing Tobacco To Civilisation by Bob Newhart,Introducing Tobacco To Civilisation by Bob Newhart
Introducing Tobacco To Civilisation by Bob Newhart,Introducing Tobacco to Civilisation by Bob Newhart
Cello Concerto in A Minor by Robert Schumann,Cello Concerto in A Minor by Robert Schumann
Cello Concerto in A Minor by Robert Schumann,Cello Concerto in A minor by Robert Schumann
Harpsichord Concerto No. 5 In F Minor by Johann Sebastian Bach,Harpsichord Concerto No. 5 In F Minor by Johann Sebastian Bach
Harpsichord Concerto No. 5 In F Minor by Johann Sebastian Bach,Harpsichord Concerto No. 5 in F Minor by Johann Sebastian Bach
Piano Trio In D Minor by Felix Mendelssohn,Piano Trio In D Minor by Felix Mendelssohn
Piano Trio In D Minor by Felix Mendelssohn,Piano Trio in D minor by Felix Mendelssohn
Now Sleeps The Crimson Petal by Kathleen Ferrier & Phyllis Spurr,Now Sleeps The Crimson Petal by Kathleen Ferrier & Phyllis Spurr
Now Sleeps The Crimson Petal by Kathleen Ferrier & Phyllis Spurr,Now Sleeps the Crimson Petal by Kathleen Ferrier & Phyllis Spurr
Symphony No. 1 in E minor by Jean Sibelius,Symphony No. 1 in E minor by Jean Sibelius
Symphony No. 1 in E minor by Jean Sibelius,Symphony No. 1 in E Minor by Jean Sibelius
Clair De Lune by Claude Debussy,Clair De Lune by Claude Debussy
Clair De Lune by Claude Debussy,Clair de Lune by Claude Debussy
The Carnival is Over by The Seekers,The Carnival is Over by The Seekers
The Carnival is Over by The Seekers,The Carnival Is Over by The Seekers
Gentle On My Mind by Dean Martin,Gentle On My Mind by Dean Martin
Gentle On My Mind by Dean Martin,Gentle on my Mind by Dean Martin
Brothers In Arms by Dire Straits,Brothers In Arms by Dire Straits
Brothers In Arms by Dire Straits,Brothers in Arms by Dire Straits
Cello Concerto in B Minor by Anton√≠n Dvo≈ô√°k,Cello Concerto in B Minor by Anton√≠n Dvo≈ô√°k
Cello Concerto in B Minor by Anton√≠n Dvo≈ô√°k,Cello Concerto in B minor by Anton√≠n Dvo≈ô√°k
The Lake Isle Of Innisfree by William Butler Yeats,The Lake Isle Of Innisfree by William Butler Yeats
The Lake Isle Of Innisfree by William Butler Yeats,The Lake Isle of Innisfree by William Butler Yeats
Just Like A Woman by Bob Dylan,Just Like A Woman by Bob Dylan
Just Like A Woman by Bob Dylan,Just Like a Woman by Bob Dylan
The Barren Rocks Of Aden by The Pipes and Drums of the Black Watch,The Barren Rocks Of Aden by The Pipes and Drums of the Black Watch
The Barren Rocks Of Aden by The Pipes and Drums of the Black Watch,The Barren Rocks of Aden by The Pipes and Drums of the Black Watch
Samba Pa Ti by Santana,Samba Pa Ti by Santana
Samba Pa Ti by Santana,Samba Pa ti by Santana
Symphony No. 8 in F major by Ludwig van Beethoven,Symphony No. 8 in F major by Ludwig van Beethoven
Symphony No. 8 in F major by Ludwig van Beethoven,Symphony No. 8 In F Major by Ludwig van Beethoven
Piano Trio In A Minor by Maurice Ravel,Piano Trio In A Minor by Maurice Ravel
Piano Trio In A Minor by Maurice Ravel,Piano Trio in A minor by Maurice Ravel
Song of the Plains by Alexandrov Song & Dance Ensemble,Song of the Plains by Alexandrov Song & Dance Ensemble
Song of the Plains by Alexandrov Song & Dance Ensemble,Song Of The Plains by Alexandrov Song & Dance Ensemble
J'Attendrai by Jean Sablon,J'Attendrai by Jean Sablon
J'Attendrai by Jean Sablon,J'attendrai by Jean Sablon
It Was A Very Good Year by Frank Sinatra,It Was A Very Good Year by Frank Sinatra
It Was A Very Good Year by Frank Sinatra,It was a Very Good Year by Frank Sinatra
"Toccata, Adagio and Fugue in C Major by Johann Sebastian Bach","Toccata, Adagio and Fugue in C Major by Johann Sebastian Bach"
"Toccata, Adagio and Fugue in C Major by Johann Sebastian Bach","Toccata, Adagio and Fugue in C major by Johann Sebastian Bach"
Melville Gideon Medley by Melville Gideon With His Orchestra,Melville Gideon Medley by Melville Gideon With His Orchestra
Melville Gideon Medley by Melville Gideon With His Orchestra,Melville Gideon Medley by Melville Gideon with his Orchestra
"Piano Sonata No. 8 in C minor, Op. 13 'Path√©tique' by Ludwig van Beethoven","Piano Sonata No. 8 in C minor, Op. 13 'Path√©tique' by Ludwig van Beethoven"
"Piano Sonata No. 8 in C minor, Op. 13 'Path√©tique' by Ludwig van Beethoven","Ludwig van Beethoven - Piano Sonata No. 8 in C minor, Op. 13 'Path√©tique' by Ludwig van Beethoven"
Brown Girl In The Ring by Boney M.,Brown Girl In The Ring by Boney M.
Brown Girl In The Ring by Boney M.,Brown Girl in the Ring by Boney M.
Maybe It's Because I'm A Londoner by Bud Flanagan,Maybe It's Because I'm A Londoner by Bud Flanagan
Maybe It's Because I'm A Londoner by Bud Flanagan,Maybe it's Because I'm a Londoner by Bud Flanagan
Concerto For Orchestra,Concerto For Orchestra
Concerto For Orchestra,Concerto for Orchestra
Violin Concerto in B minor by William Walton,Violin Concerto in B minor by William Walton
Violin Concerto in B minor by William Walton,Violin Concerto in B Minor by William Walton
You've Got To Pick A Pocket Or Two by Jonathan Pryce,You've Got To Pick A Pocket Or Two by Jonathan Pryce
You've Got To Pick A Pocket Or Two by Jonathan Pryce,You've Got to Pick a Pocket or Two by Jonathan Pryce
Nancy With the Laughing Face by Frank Sinatra,Nancy With the Laughing Face by Frank Sinatra
Nancy With the Laughing Face by Frank Sinatra,Nancy with the Laughing Face by Frank Sinatra
Dove sono (from The Marriage of Figaro) by Wolfgang Amadeus Mozart,Dove sono (from The Marriage of Figaro) by Wolfgang Amadeus Mozart
Dove sono (from The Marriage of Figaro) by Wolfgang Amadeus Mozart,Dove Sono from the Marriage of Figaro by Wolfgang Amadeus Mozart
Che far√≤ senza Euridice (What is Life?) (from Orpheus and Euridice) by Christoph Willibald Gluck,Che far√≤ senza Euridice (What is Life?) (from Orpheus and Euridice) by Christoph Willibald Gluck
Che far√≤ senza Euridice (What is Life?) (from Orpheus and Euridice) by Christoph Willibald Gluck,Christoph Willibald Gluck - Che far√≤ senza Euridice (What is Life?) (from Orpheus and Euridice) by Christoph Willibald Gluck
"Falstaff Act 1, Scene 2 by Giuseppe Verdi","Falstaff Act 1, Scene 2 by Giuseppe Verdi"
"Falstaff Act 1, Scene 2 by Giuseppe Verdi","Falstaff Act 2, Scene 1 by Giuseppe Verdi"
What a Mouth (What A North and South) by Tommy Steele,What a Mouth (What A North and South) by Tommy Steele
What a Mouth (What A North and South) by Tommy Steele,What a Mouth (What a North and South) by Tommy Steele
"String Trio, Op. 45 by Arnold Schoenberg","String Trio, Op. 45 by Arnold Schoenberg"
"String Trio, Op. 45 by Arnold Schoenberg","String Trio, Op 45 by Arnold Schoenberg"
April In Paris by Count Basie & His Orchestra,April In Paris by Count Basie & His Orchestra
April In Paris by Count Basie & His Orchestra,April in Paris by Count Basie & His Orchestra
Hit The Road Jack by Ray Charles,Hit The Road Jack by Ray Charles
Hit The Road Jack by Ray Charles,Hit the Road Jack by Ray Charles
Fight the Power by Public Enemy,Fight the Power by Public Enemy
Fight the Power by Public Enemy,Fight The Power by Public Enemy
Barcarolle (from Tales of Hoffman) by Jacques Offenbach,Barcarolle (from Tales of Hoffman) by Jacques Offenbach
Barcarolle (from Tales of Hoffman) by Jacques Offenbach,Barcarolle (from Tales Of Hoffman) by Jacques Offenbach
Take the A Train by Duke Ellington,Take the A Train by Duke Ellington
Take the A Train by Duke Ellington,Take The A Train by Duke Ellington
A Mass Of Life by Frederick Delius,A Mass Of Life by Frederick Delius
A Mass Of Life by Frederick Delius,A Mass of Life by Frederick Delius
On The Sunny Side Of The Street by Tommy Dorsey and His Orchestra,On The Sunny Side Of The Street by Tommy Dorsey and His Orchestra
On The Sunny Side Of The Street by Tommy Dorsey and His Orchestra,ON THE SUNNY SIDE OF THE STREET by Tommy Dorsey and His Orchestra
The Birth Of The Blues by Frank Sinatra,The Birth Of The Blues by Frank Sinatra
The Birth Of The Blues by Frank Sinatra,The Birth of the Blues by Frank Sinatra
Englishman In New York by Sting,Englishman In New York by Sting
Englishman In New York by Sting,Englishman in New York by Sting
Concierto De Aranjuez by John Williams,Concierto De Aranjuez by John Williams
Concierto De Aranjuez by John Williams,Concierto de Aranjuez by John Williams
Harpsichord Concerto No. 1 in D minor by Johann Sebastian Bach,Harpsichord Concerto No. 1 in D minor by Johann Sebastian Bach
Harpsichord Concerto No. 1 in D minor by Johann Sebastian Bach,Harpsichord Concerto No. 1 in D Minor by Johann Sebastian Bach
Hell Is Round The Corner by Tricky,Hell Is Round The Corner by Tricky
Hell Is Round The Corner by Tricky,Hell is Round the Corner by Tricky
Where or When (from Babes In Arms) by Jack Hylton & His Orchestra,Where or When (from Babes In Arms) by Jack Hylton & His Orchestra
Where or When (from Babes In Arms) by Jack Hylton & His Orchestra,Where or When (from Babes in Arms) by Jack Hylton & His Orchestra
"You're The First, The Last, My Everything by Barry White","You're The First, The Last, My Everything by Barry White"
"You're The First, The Last, My Everything by Barry White","You're The first, The Last, My Everything by Barry White"
Where Is Love? by Keith Hamshere,Where Is Love? by Keith Hamshere
Where Is Love? by Keith Hamshere,Where is Love? by Keith Hamshere
In Party Mood by West End Celebrity Orchestra,In Party Mood by West End Celebrity Orchestra
In Party Mood by West End Celebrity Orchestra,In Party mood by West End Celebrity Orchestra
Roses Of Picardy by Alfred Piccaver,Roses Of Picardy by Alfred Piccaver
Roses Of Picardy by Alfred Piccaver,Roses of Picardy by Alfred Piccaver
A Visit To America by Dylan Thomas,A Visit To America by Dylan Thomas
A Visit To America by Dylan Thomas,A Visit to America by Dylan Thomas
The Rain In Spain by Rex Harrison & Julie Andrews,The Rain In Spain by Rex Harrison & Julie Andrews
The Rain In Spain by Rex Harrison & Julie Andrews,The Rain in Spain by Rex Harrison & Julie Andrews
The Boy In The Bubble by Paul Simon,The Boy In The Bubble by Paul Simon
The Boy In The Bubble by Paul Simon,The Boy in the Bubble by Paul Simon
The Love For Three Oranges by Sergei Prokofiev,The Love For Three Oranges by Sergei Prokofiev
The Love For Three Oranges by Sergei Prokofiev,The Love for Three Oranges by Sergei Prokofiev
Nessun dorma by Giacomo Puccini,Nessun dorma by Giacomo Puccini
Nessun dorma by Giacomo Puccini,Nessun Dorma by Giacomo Puccini
The Sound Of Silence by Simon & Garfunkel,The Sound Of Silence by Simon & Garfunkel
The Sound Of Silence by Simon & Garfunkel,The Sound of Silence by Simon & Garfunkel
Try A Little Tenderness by Otis Redding,Try A Little Tenderness by Otis Redding
Try A Little Tenderness by Otis Redding,Try a Little Tenderness by Otis Redding
Go Away From My Window by Marlene Dietrich,Go Away From My Window by Marlene Dietrich
Go Away From My Window by Marlene Dietrich,Go Away From my Window by Marlene Dietrich
Symphony No. 5 In C Sharp Minor by Gustav Mahler,Symphony No. 5 In C Sharp Minor by Gustav Mahler
Symphony No. 5 In C Sharp Minor by Gustav Mahler,Symphony No. 5 in C sharp minor by Gustav Mahler
Begin The Beguine by Leslie ‚ÄúHutch‚Äù Hutchinson,Begin The Beguine by Leslie ‚ÄúHutch‚Äù Hutchinson
Begin The Beguine by Leslie ‚ÄúHutch‚Äù Hutchinson,Begin the Beguine by Leslie ‚ÄúHutch‚Äù Hutchinson
"Top Hat, White Tie And Tails by Fred Astaire","Top Hat, White Tie And Tails by Fred Astaire"
"Top Hat, White Tie And Tails by Fred Astaire","Top Hat, White Tie and Tails by Fred Astaire"
Oh Look At Me by John Warner & Eleanor Drew,Oh Look At Me by John Warner & Eleanor Drew
Oh Look At Me by John Warner & Eleanor Drew,Oh Look at Me by Eleanor Drew & John Warner
Invitation To The Dance by Carl Maria von Weber,Invitation To The Dance by Carl Maria von Weber
Invitation To The Dance by Carl Maria von Weber,Invitation to the Dance by Carl Maria von Weber
Young At Heart by Frank Sinatra,Young At Heart by Frank Sinatra
Young At Heart by Frank Sinatra,Young at Heart by Frank Sinatra
Fr√©d√©ric Chopin - Nocturne In E Flat Major,Fr√©d√©ric Chopin - Nocturne In E Flat Major
Fr√©d√©ric Chopin - Nocturne In E Flat Major,Fr√©d√©ric Chopin - Nocturne in E Flat Major
I'm In A Dancing Mood by The Dave Brubeck Quartet,I'm In A Dancing Mood by The Dave Brubeck Quartet
I'm In A Dancing Mood by The Dave Brubeck Quartet,I'm in a Dancing Mood by The Dave Brubeck Quartet
Lady With The Braid by Dory Previn,Lady With The Braid by Dory Previn
Lady With The Braid by Dory Previn,Lady With the Braid by Dory Previn
Pencil Full Of Lead by Paolo Nutini,Pencil Full Of Lead by Paolo Nutini
Pencil Full Of Lead by Paolo Nutini,Pencil Full of Lead by Paolo Nutini
Symphony No. 5 in D minor by Dmitry Shostakovich,Symphony No. 5 in D minor by Dmitry Shostakovich
Symphony No. 5 in D minor by Dmitry Shostakovich,Symphony No. 5 In D Minor by Dmitry Shostakovich
The Things We Said Today by The Beatles,The Things We Said Today by The Beatles
The Things We Said Today by The Beatles,Things We Said Today by The Beatles
Only The Lonely by Frank Sinatra,Only The Lonely by Frank Sinatra
Only The Lonely by Frank Sinatra,Only the Lonely by Frank Sinatra
Fun Fun Fun by The Beach Boys,Fun Fun Fun by The Beach Boys
Fun Fun Fun by The Beach Boys,"Fun, Fun Fun by The Beach Boys"
City Of New Orleans by Willie Nelson,City Of New Orleans by Willie Nelson
City Of New Orleans by Willie Nelson,City of New Orleans by Willie Nelson
Solving The Riddle by Billy May's Big Fat Brass,Solving The Riddle by Billy May's Big Fat Brass
Solving The Riddle by Billy May's Big Fat Brass,Solving the Riddle by Billy May's Big Fat Brass
Don't Stop 'Til You Get Enough by Michael Jackson,Don't Stop 'Til You Get Enough by Michael Jackson
Don't Stop 'Til You Get Enough by Michael Jackson,Don't Stop 'til You Get Enough by Michael Jackson
This Is The One by The Stone Roses,This Is The One by The Stone Roses
This Is The One by The Stone Roses,This is the One by The Stone Roses
Air De La Lettre by Yvonne Printemps,Air De La Lettre by Yvonne Printemps
Air De La Lettre by Yvonne Printemps,Air de la Lettre by Yvonne Printemps
Once In Royal David's City by Alexander/Gauntlett,Once In Royal David's City by Alexander/Gauntlett
Once In Royal David's City by Alexander/Gauntlett,Once in Royal David's City by Alexander/Gauntlett
Piano Concerto No. 2 in G minor by Camille Saint‚ÄêSa√´ns,Piano Concerto No. 2 in G minor by Camille Saint‚ÄêSa√´ns
Piano Concerto No. 2 in G minor by Camille Saint‚ÄêSa√´ns,Piano Concerto No. 2 in G Minor by Camille Saint‚ÄêSa√´ns
I Try by Macy Gray,I Try by Macy Gray
I Try by Macy Gray,I try by Macy Gray
Adagio For Strings by Samuel Barber,Adagio For Strings by Samuel Barber
Adagio For Strings by Samuel Barber,Adagio for Strings by Samuel Barber
The Kid From Red Bank by Count Basie & His Orchestra,The Kid From Red Bank by Count Basie & His Orchestra
The Kid From Red Bank by Count Basie & His Orchestra,The Kid from Red Bank by Count Basie & His Orchestra
Pas De Deux by Peter Ilyich Tchaikovsky,Pas De Deux by Peter Ilyich Tchaikovsky
Pas De Deux by Peter Ilyich Tchaikovsky,Pas de Deux by Peter Ilyich Tchaikovsky
The Biggest Aspidistra in the World by Gracie Fields,The Biggest Aspidistra in the World by Gracie Fields
The Biggest Aspidistra in the World by Gracie Fields,The Biggest Aspidistra In The World by Gracie Fields
String Quartet in G minor by Claude Debussy,String Quartet in G minor by Claude Debussy
String Quartet in G minor by Claude Debussy,String Quartet in G Minor by Claude Debussy
As Time Goes By by Dooley Wilson,As Time Goes By by Dooley Wilson
As Time Goes By by Dooley Wilson,As time goes by by Dooley Wilson
Night and Day by Fred Astaire,Night and Day by Fred Astaire
Night and Day by Fred Astaire,Night And Day by Fred Astaire
Sad Eyed Lady of the Lowlands by Bob Dylan,Sad Eyed Lady of the Lowlands by Bob Dylan
Sad Eyed Lady of the Lowlands by Bob Dylan,Sad Eyed Lady Of The Lowlands by Bob Dylan
Strangers in the Night by Frank Sinatra,Strangers in the Night by Frank Sinatra
Strangers in the Night by Frank Sinatra,Strangers In The Night by Frank Sinatra
God Be In My Head by Templars Octet,God Be In My Head by Templars Octet
God Be In My Head by Templars Octet,God Be in My Head by Templars Octet
Dance With My Father by Luther Vandross,Dance With My Father by Luther Vandross
Dance With My Father by Luther Vandross,Dance with My Father by Luther Vandross
Shelter From The Storm by Bob Dylan,Shelter From The Storm by Bob Dylan
Shelter From The Storm by Bob Dylan,Shelter from the Storm by Bob Dylan
I'm The Guy Who Found The Lost Chord by Jimmy Durante,I'm The Guy Who Found The Lost Chord by Jimmy Durante
I'm The Guy Who Found The Lost Chord by Jimmy Durante,I'm the Guy Who Found the Lost Chord by Jimmy Durante
You've Got A Friend by James Taylor,You've Got A Friend by James Taylor
You've Got A Friend by James Taylor,You've Got a Friend by James Taylor
In A Mist by Bix Beiderbecke,In A Mist by Bix Beiderbecke
In A Mist by Bix Beiderbecke,In a Mist by Bix Beiderbecke
Catch A Falling Star by Perry Como,Catch A Falling Star by Perry Como
Catch A Falling Star by Perry Como,Catch a Falling Star by Perry Como
In A Monastery Garden by Albert Ket√®lbey,In A Monastery Garden by Albert Ket√®lbey
In A Monastery Garden by Albert Ket√®lbey,In a Monastery Garden by Albert Ket√®lbey
Suite for Solo Cello No. 1 in G major by Johann Sebastian Bach,Suite for Solo Cello No. 1 in G major by Johann Sebastian Bach
Suite for Solo Cello No. 1 in G major by Johann Sebastian Bach,Suite for Solo Cello No. 1 in G Major by Johann Sebastian Bach
The Last Time by The Rolling Stones,The Last Time by The Rolling Stones
The Last Time by The Rolling Stones,The last time by The Rolling Stones
Bali Ha'I by Juanita Hall,Bali Ha'I by Juanita Hall
Bali Ha'I by Juanita Hall,Bali Ha'i by Juanita Hall
I Don't Want To Play In Your Yard by Peggy Lee,I Don't Want To Play In Your Yard by Peggy Lee
I Don't Want To Play In Your Yard by Peggy Lee,I Don't Want to Play in Your Yard by Peggy Lee
Symphony No. 4 in G major by Gustav Mahler,Symphony No. 4 in G major by Gustav Mahler
Symphony No. 4 in G major by Gustav Mahler,Symphony No. 4 In G Major by Gustav Mahler
Der Abschied  (from Das Lied von der Erde) by Gustav Mahler,Der Abschied  (from Das Lied von der Erde) by Gustav Mahler
Der Abschied  (from Das Lied von der Erde) by Gustav Mahler,Der Abschied from Das Lied von der Erde by Gustav Mahler
On A Slow Boat To China by Maurice Chevalier,On A Slow Boat To China by Maurice Chevalier
On A Slow Boat To China by Maurice Chevalier,On A Slow Boat to China by Maurice Chevalier
Happy Days Are Here Again by Layton & Johnstone,Happy Days Are Here Again by Layton & Johnstone
Happy Days Are Here Again by Layton & Johnstone,Happy Days are Here Again by Layton & Johnstone
The Road To The Isles by Stuart Robertson,The Road To The Isles by Stuart Robertson
The Road To The Isles by Stuart Robertson,The Road to the Isles by Stuart Robertson
If The Heart Of A Man by Michael Redgrave,If The Heart Of A Man by Michael Redgrave
If The Heart Of A Man by Michael Redgrave,If the Heart of a Man by Michael Redgrave
The Boy With The Arab Strap by Belle and Sebastian,The Boy With The Arab Strap by Belle and Sebastian
The Boy With The Arab Strap by Belle and Sebastian,The Boy with the Arab Strap by Belle and Sebastian
Blue in Green by Charlie Parker's Reboppers,Blue in Green by Charlie Parker's Reboppers
Blue in Green by Charlie Parker's Reboppers,Blue In Green by Charlie Parker's Reboppers
Sous les Toits de Paris by Orchestre de Danse Alexander,Sous les Toits de Paris by Orchestre de Danse Alexander
Sous les Toits de Paris by Orchestre de Danse Alexander,Sous les toits de Paris by Orchestre de Danse Alexander
MacUshla by John McCormack,MacUshla by John McCormack
MacUshla by John McCormack,Macushla by John McCormack
Ode to Billie Joe by Bobbie Gentry,Ode to Billie Joe by Bobbie Gentry
Ode to Billie Joe by Bobbie Gentry,Ode To Billie Joe by Bobbie Gentry
Bourr√©e II by Johann Sebastian Bach,Bourr√©e II by Johann Sebastian Bach
Bourr√©e II by Johann Sebastian Bach,Bourr√©e Ii by Johann Sebastian Bach
You're My Best Friend by Queen,You're My Best Friend by Queen
You're My Best Friend by Queen,You're my best friend by Queen
Piano Concerto No. 1 in B flat minor by Peter Ilyich Tchaikovsky,Piano Concerto No. 1 in B flat minor by Peter Ilyich Tchaikovsky
Piano Concerto No. 1 in B flat minor by Peter Ilyich Tchaikovsky,Piano Concerto No. 1 in B Flat Minor by Peter Ilyich Tchaikovsky
Keep Right On To The End Of The Road by Sir Harry Lauder,Keep Right On To The End Of The Road by Sir Harry Lauder
Keep Right On To The End Of The Road by Sir Harry Lauder,Keep Right on to the End of the Road by Sir Harry Lauder
Journey Of The Magi by T. S. Eliot,Journey Of The Magi by T. S. Eliot
Journey Of The Magi by T. S. Eliot,Journey of the Magi by T. S. Eliot
Symphony No. 6 in B minor 'Path√©tique' by Pyotr Ilyich Tchaikovsky,Symphony No. 6 in B minor 'Path√©tique' by Pyotr Ilyich Tchaikovsky
Symphony No. 6 in B minor 'Path√©tique' by Pyotr Ilyich Tchaikovsky,Pyotr Ilyich Tchaikovsky - Symphony No. 6 in B minor 'Path√©tique' by Pyotr Ilyich Tchaikovsky
Memories Are Made of This by Dave King,Memories Are Made of This by Dave King
Memories Are Made of This by Dave King,Memories are Made of This by Dave King
Guide Me O Thou Great Redeemer (Cwm Rhondda) by John Hughes,Guide Me O Thou Great Redeemer (Cwm Rhondda) by John Hughes
Guide Me O Thou Great Redeemer (Cwm Rhondda) by John Hughes,"Cwm Rhondda (Guide Me, O Thou Great Redeemer) by John Hughes"
Saturday Night At The Movies by The Drifters,Saturday Night At The Movies by The Drifters
Saturday Night At The Movies by The Drifters,Saturday Night at the Movies by The Drifters
Down To Zero by Joan Armatrading,Down To Zero by Joan Armatrading
Down To Zero by Joan Armatrading,Down to Zero by Joan Armatrading
Land Of Hope And Glory by Edward Elgar,Land Of Hope And Glory by Edward Elgar
Land Of Hope And Glory by Edward Elgar,Land of Hope and Glory by Edward Elgar
This Is My Life by Shirley Bassey,This Is My Life by Shirley Bassey
This Is My Life by Shirley Bassey,This is My Life by Shirley Bassey
Cello Concerto in E minor - 3rd movement by Edward Elgar,Cello Concerto in E minor - 3rd movement by Edward Elgar
Cello Concerto in E minor - 3rd movement by Edward Elgar,Cello Concerto in E Minor - 3rd Movement by Edward Elgar
A Child's Christmas In Wales by Dylan Thomas,A Child's Christmas In Wales by Dylan Thomas
A Child's Christmas In Wales by Dylan Thomas,A Child's Christmas in Wales by Dylan Thomas
I'm A Vulture For Horticulture by Jimmy Durante,I'm A Vulture For Horticulture by Jimmy Durante
I'm A Vulture For Horticulture by Jimmy Durante,I'm a Vulture for Horticulture by Jimmy Durante
Tea For Two by Binnie Hale & Seymour Beard,Tea For Two by Binnie Hale & Seymour Beard
Tea For Two by Binnie Hale & Seymour Beard,Tea for Two by Binnie Hale & Seymour Beard
Battle Of New Orleans by Lonnie Donegan,Battle Of New Orleans by Lonnie Donegan
Battle Of New Orleans by Lonnie Donegan,Battle of New Orleans by Lonnie Donegan
Which Side Are You On? by Natalie Merchant,Which Side Are You On? by Natalie Merchant
Which Side Are You On? by Natalie Merchant,Which side Are You On? by Natalie Merchant
Try A Little Tenderness by Frank Sinatra,Try A Little Tenderness by Frank Sinatra
Try A Little Tenderness by Frank Sinatra,Try a Little Tenderness by Frank Sinatra
Symphony No. 5 in C sharp minor - 4th movement (Adagietto) by Gustav Mahler,Symphony No. 5 in C sharp minor - 4th movement (Adagietto) by Gustav Mahler
Symphony No. 5 in C sharp minor - 4th movement (Adagietto) by Gustav Mahler,Symphony No. 5 in C sharp minor- 4th movement (Adagietto) by Gustav Mahler
The Queen Is Dead by The Smiths,The Queen Is Dead by The Smiths
The Queen Is Dead by The Smiths,The Queen is Dead by The Smiths
Piano Concerto No. 1 in D minor by Johannes Brahms,Piano Concerto No. 1 in D minor by Johannes Brahms
Piano Concerto No. 1 in D minor by Johannes Brahms,Piano Concerto No. 1 in D Minor by Johannes Brahms
Tales Of Old Dartmoor by The Goons,Tales Of Old Dartmoor by The Goons
Tales Of Old Dartmoor by The Goons,Tales of Old Dartmoor by The Goons
Clarinet Quintet In B minor by Johannes Brahms,Clarinet Quintet In B minor by Johannes Brahms
Clarinet Quintet In B minor by Johannes Brahms,Clarinet Quintet In B Minor by Johannes Brahms
Cello Concerto in E Minor by Edward Elgar,Cello Concerto in E Minor by Edward Elgar
Cello Concerto in E Minor by Edward Elgar,Cello Concerto in E minor by Edward Elgar
"Well-tempered Clavier, Book 1 - Prelude & Fugue in C major by Johann Sebastian Bach","Well-tempered Clavier, Book 1 - Prelude & Fugue in C major by Johann Sebastian Bach"
"Well-tempered Clavier, Book 1 - Prelude & Fugue in C major by Johann Sebastian Bach","Well-Tempered Clavier, Book 1 - Prelude & Fugue in C major by Johann Sebastian Bach"
A Man Needs A Maid by Neil Young,A Man Needs A Maid by Neil Young
A Man Needs A Maid by Neil Young,A Man Needs a Maid by Neil Young
Brandenburg Concerto No. 2 in F major by Johann Sebastian Bach,Brandenburg Concerto No. 2 in F major by Johann Sebastian Bach
Brandenburg Concerto No. 2 in F major by Johann Sebastian Bach,Brandenburg Concerto No. 2 in F Major by Johann Sebastian Bach
Land of My Fathers by The Fron Male Voice Choir,Land of My Fathers by The Fron Male Voice Choir
Land of My Fathers by The Fron Male Voice Choir,Land Of My Fathers by The Fron Male Voice Choir
Clarinet a la King by Benny Goodman and His Orchestra,Clarinet a la King by Benny Goodman and His Orchestra
Clarinet a la King by Benny Goodman and His Orchestra,Clarinet A La King by Benny Goodman and His Orchestra
Never On Sunday by Manos Hadjidakis,Never On Sunday by Manos Hadjidakis
Never On Sunday by Manos Hadjidakis,Never on Sunday by Manos Hadjidakis
Violin Concerto in D major by Johannes Brahms,Violin Concerto in D major by Johannes Brahms
Violin Concerto in D major by Johannes Brahms,Violin Concerto in D Major by Johannes Brahms
Shall I Compare Thee to a Summers Day? (Sonnet 18) by William Shakespeare,Shall I Compare Thee to a Summers Day? (Sonnet 18) by William Shakespeare
Shall I Compare Thee to a Summers Day? (Sonnet 18) by William Shakespeare,Shall I Compare Thee to a Summer's Day? (Sonnet 18) by William Shakespeare
This is My Lovely Day by Georges Guetary & Lizbeth Webb,This is My Lovely Day by Georges Guetary & Lizbeth Webb
This is My Lovely Day by Georges Guetary & Lizbeth Webb,This Is My Lovely Day by Georges Guetary & Lizbeth Webb
J'Attendrai by Tino Rossi,J'Attendrai by Tino Rossi
J'Attendrai by Tino Rossi,J'attendrai by Tino Rossi
Once in a Lifetime by Talking Heads,Once in a Lifetime by Talking Heads
Once in a Lifetime by Talking Heads,Once In A Lifetime by Talking Heads
A Whiter Shade Of Pale by Procol Harum,A Whiter Shade Of Pale by Procol Harum
A Whiter Shade Of Pale by Procol Harum,A Whiter Shade of Pale by Procol Harum
I know that my Redeemer liveth (from Messiah) by George Frideric Handel,I know that my Redeemer liveth (from Messiah) by George Frideric Handel
I know that my Redeemer liveth (from Messiah) by George Frideric Handel,I Know That My Redeemer Liveth (from Messiah) by George Frideric Handel
Horn Concerto No. 3 in E flat major by Wolfgang Amadeus Mozart,Horn Concerto No. 3 in E flat major by Wolfgang Amadeus Mozart
Horn Concerto No. 3 in E flat major by Wolfgang Amadeus Mozart,Horn Concerto No. 3 in E Flat Major by Wolfgang Amadeus Mozart
She's Funny That Way by Ted Lewis and His Band,She's Funny That Way by Ted Lewis and His Band
She's Funny That Way by Ted Lewis and His Band,She's Funny that Way by Ted Lewis and His Band
A Nightingale Sang In Berkeley Square by Vera Lynn,A Nightingale Sang In Berkeley Square by Vera Lynn
A Nightingale Sang In Berkeley Square by Vera Lynn,A Nightingale Sang in Berkeley Square by Vera Lynn
Fugue in D minor by Johann Sebastian Bach,Fugue in D minor by Johann Sebastian Bach
Fugue in D minor by Johann Sebastian Bach,Fugue in D Minor by Johann Sebastian Bach
"Blowin' In The Wind by Peter, Paul & Mary","Blowin' In The Wind by Peter, Paul & Mary"
"Blowin' In The Wind by Peter, Paul & Mary","Blowin' in the Wind by Peter, Paul & Mary"
The Garden Of Fand by Arnold Bax,The Garden Of Fand by Arnold Bax
The Garden Of Fand by Arnold Bax,The Garden of Fand by Arnold Bax
Chi il bel sogno di Doretta (from La Rondine) by Giacomo Puccini,Chi il bel sogno di Doretta (from La Rondine) by Giacomo Puccini
Chi il bel sogno di Doretta (from La Rondine) by Giacomo Puccini,Chi Il Bel Sogno di Doretta from La Rondine by Giacomo Puccini
Both Sides Now by Joni Mitchell,Both Sides Now by Joni Mitchell
Both Sides Now by Joni Mitchell,"Both Sides, Now by Joni Mitchell"
Singin' The Blues by Bix Beiderbecke,Singin' The Blues by Bix Beiderbecke
Singin' The Blues by Bix Beiderbecke,Singin' the Blues by Bix Beiderbecke
A Case Of You by Joni Mitchell,A Case Of You by Joni Mitchell
A Case Of You by Joni Mitchell,A Case of You by Joni Mitchell
The Black Hills Of Dakota by Doris Day,The Black Hills Of Dakota by Doris Day
The Black Hills Of Dakota by Doris Day,The Black Hills of Dakota by Doris Day
Piano Concerto No. 4 In G major by Ludwig van Beethoven,Piano Concerto No. 4 In G major by Ludwig van Beethoven
Piano Concerto No. 4 In G major by Ludwig van Beethoven,Piano Concerto No. 4 In G Major by Ludwig van Beethoven
Mass in B minor - Sanctus by Johann Sebastian Bach,Mass in B minor - Sanctus by Johann Sebastian Bach
Mass in B minor - Sanctus by Johann Sebastian Bach,Mass in B minor  - Sanctus by Johann Sebastian Bach
Plaisir D'Amour by Maggie Teyte & Gerald Moore,Plaisir D'Amour by Maggie Teyte & Gerald Moore
Plaisir D'Amour by Maggie Teyte & Gerald Moore,Plaisir d'Amour by Maggie Teyte & Gerald Moore
Concierto De Aranjuez by Miles Davis,Concierto De Aranjuez by Miles Davis
Concierto De Aranjuez by Miles Davis,Concierto de Aranjuez by Miles Davis
Goldberg Variations - Aria by Johann Sebastian Bach,Goldberg Variations - Aria by Johann Sebastian Bach
Goldberg Variations - Aria by Johann Sebastian Bach,Goldberg variations - Aria by Johann Sebastian Bach
"My Love Is Like A Red, Red Rose by Robert Burns","My Love Is Like A Red, Red Rose by Robert Burns"
"My Love Is Like A Red, Red Rose by Robert Burns",My Love is Like a Red Red Rose by Robert Burns
Something About The Way You Look Tonight by Elton John,Something About The Way You Look Tonight by Elton John
Something About The Way You Look Tonight by Elton John,Something About the Way You Look Tonight by Elton John
Lullaby Of Broadway by Ella Fitzgerald,Lullaby Of Broadway by Ella Fitzgerald
Lullaby Of Broadway by Ella Fitzgerald,Lullaby of Broadway by Ella Fitzgerald
Piano Concerto No. 4 In G Minor by Sergey Rachmaninov,Piano Concerto No. 4 In G Minor by Sergey Rachmaninov
Piano Concerto No. 4 In G Minor by Sergey Rachmaninov,Piano Concerto No. 4 In G minor by Sergey Rachmaninov
New Kid In Town by Eagles,New Kid In Town by Eagles
New Kid In Town by Eagles,New Kid in Town by Eagles
One For My Baby by Frank Sinatra,One For My Baby by Frank Sinatra
One For My Baby by Frank Sinatra,One for My Baby by Frank Sinatra
Dancing In The Moonlight by Toploader,Dancing In The Moonlight by Toploader
Dancing In The Moonlight by Toploader,Dancing in the Moonlight by Toploader
Fly Me to the Moon by Frank Sinatra,Fly Me to the Moon by Frank Sinatra
Fly Me to the Moon by Frank Sinatra,Fly Me to The Moon by Frank Sinatra
Piano Concerto No. 1 in B Flat Minor by Pyotr Ilyich Tchaikovsky,Piano Concerto No. 1 in B Flat Minor by Pyotr Ilyich Tchaikovsky
Piano Concerto No. 1 in B Flat Minor by Pyotr Ilyich Tchaikovsky,Piano Concerto No. 1 in B flat minor by Pyotr Ilyich Tchaikovsky
We Have All The Time In The World by Louis Armstrong,We Have All The Time In The World by Louis Armstrong
We Have All The Time In The World by Louis Armstrong,We Have All the Time in the World by Louis Armstrong
House Of The Rising Sun by The Animals,House Of The Rising Sun by The Animals
House Of The Rising Sun by The Animals,House of the Rising Sun by The Animals
Life Is Just A Bowl Of Cherries by The Hi‚ÄêLo‚Äôs,Life Is Just A Bowl Of Cherries by The Hi‚ÄêLo‚Äôs
Life Is Just A Bowl Of Cherries by The Hi‚ÄêLo‚Äôs,Life is Just a Bowl of Cherries by The Hi‚ÄêLo‚Äôs
Mad Scene (from Lucia Di Lammermoor) by Gaetano Donizetti,Mad Scene (from Lucia Di Lammermoor) by Gaetano Donizetti
Mad Scene (from Lucia Di Lammermoor) by Gaetano Donizetti,Mad Scene (from Lucia di Lammermoor) by Gaetano Donizetti
Wonderful Tonight by Eric Clapton,Wonderful Tonight by Eric Clapton
Wonderful Tonight by Eric Clapton,Wonderful tonight by Eric Clapton
The Last Rose Of Summer by Ada Alsop,The Last Rose Of Summer by Ada Alsop
The Last Rose Of Summer by Ada Alsop,The Last Rose of Summer by Ada Alsop
Nobody Knows You When You're Down and Out by Bessie Smith,Nobody Knows You When You're Down and Out by Bessie Smith
Nobody Knows You When You're Down and Out by Bessie Smith,Nobody Knows You When You're Down And Out by Bessie Smith
Les Trois Cloches,Les Trois Cloches
Les Trois Cloches,Les trois cloches
Magnificat In G by King's College Chapel Choir,Magnificat In G by King's College Chapel Choir
Magnificat In G by King's College Chapel Choir,Magnificat in G by King's College Chapel Choir
Sur le Pont D'Avignon by Jean Sablon,Sur le Pont D'Avignon by Jean Sablon
Sur le Pont D'Avignon by Jean Sablon,Sur Le Pont D'Avignon by Jean Sablon
Canon in D major by Johann Pachelbel,Canon in D major by Johann Pachelbel
Canon in D major by Johann Pachelbel,Canon in D Major by Johann Pachelbel
Rose's Turn by Ethel Merman,Rose's Turn by Ethel Merman
Rose's Turn by Ethel Merman,Rose's turn by Ethel Merman
What's Going On? by Marvin Gaye,What's Going On? by Marvin Gaye
What's Going On? by Marvin Gaye,Whats Going On by Marvin Gaye
La Vie En Rose by Marlene Dietrich,La Vie En Rose by Marlene Dietrich
La Vie En Rose by Marlene Dietrich,La Vie en Rose by Marlene Dietrich
Mass in B Minor - Cum sancto spiritu by Johann Sebastian Bach,Mass in B Minor - Cum sancto spiritu by Johann Sebastian Bach
Mass in B Minor - Cum sancto spiritu by Johann Sebastian Bach,Mass in B minor  - Cum sancto spiritu by Johann Sebastian Bach
A Nightingale Sang In Berkeley Square by Frank Sinatra,A Nightingale Sang In Berkeley Square by Frank Sinatra
A Nightingale Sang In Berkeley Square by Frank Sinatra,A Nightingale Sang in Berkeley Square by Frank Sinatra
Violin Concerto No. 2 in G Minor by Sergei Prokofiev,Violin Concerto No. 2 in G Minor by Sergei Prokofiev
Violin Concerto No. 2 in G Minor by Sergei Prokofiev,Violin Concerto No. 2 in G minor by Sergei Prokofiev
Come Rain Or Come Shine by Frank Sinatra,Come Rain Or Come Shine by Frank Sinatra
Come Rain Or Come Shine by Frank Sinatra,Come Rain or Come Shine by Frank Sinatra
Love Reign O'er Me by The Who,Love Reign O'er Me by The Who
Love Reign O'er Me by The Who,"Love, Reign O'er Me by The Who"
Blue in Green by Miles Davis,Blue in Green by Miles Davis
Blue in Green by Miles Davis,Blue In Green by Miles Davis
Fantasia on British Sea Songs by Henry Wood,Fantasia on British Sea Songs by Henry Wood
Fantasia on British Sea Songs by Henry Wood,Fantasia On British Sea Songs by Henry Wood
There But For Fortune by Joan Baez,There But For Fortune by Joan Baez
There But For Fortune by Joan Baez,There But for Fortune by Joan Baez
The Marriage Of Figaro Act 2 Finale by Wolfgang Amadeus Mozart,The Marriage Of Figaro Act 2 Finale by Wolfgang Amadeus Mozart
The Marriage Of Figaro Act 2 Finale by Wolfgang Amadeus Mozart,The Marriage of Figaro Act 2 Finale by Wolfgang Amadeus Mozart
Where Have All the Flowers Gone? by Marlene Dietrich,Where Have All the Flowers Gone? by Marlene Dietrich
Where Have All the Flowers Gone? by Marlene Dietrich,Where Have All The Flowers Gone? by Marlene Dietrich
Tangled Up In Blue by Bob Dylan,Tangled Up In Blue by Bob Dylan
Tangled Up In Blue by Bob Dylan,Tangled up in Blue by Bob Dylan
In the Air Tonight by Phil Collins,In the Air Tonight by Phil Collins
In the Air Tonight by Phil Collins,In The Air Tonight by Phil Collins
The Very Thought Of You by Nat King Cole,The Very Thought Of You by Nat King Cole
The Very Thought Of You by Nat King Cole,The Very Thought of You by Nat King Cole
Mo Money Mo Problems by The Notorious B.I.G.,Mo Money Mo Problems by The Notorious B.I.G.
Mo Money Mo Problems by The Notorious B.I.G.,"Mo Money, Mo Problems by The Notorious B.I.G."
I Have A Dream by ABBA,I Have A Dream by ABBA
I Have A Dream by ABBA,I Have a Dream by ABBA
Abide With Me by Clara Butt,Abide With Me by Clara Butt
Abide With Me by Clara Butt,Abide with Me by Clara Butt
Some of These Days by Sophie Tucker,Some of These Days by Sophie Tucker
Some of These Days by Sophie Tucker,Some Of These Days by Sophie Tucker
September in the Rain by Dinah Washington,September in the Rain by Dinah Washington
September in the Rain by Dinah Washington,September In The Rain by Dinah Washington
Goldberg Variations - Variations Nos. 1 & 2 by Johann Sebastian Bach,Goldberg Variations - Variations Nos. 1 & 2 by Johann Sebastian Bach
Goldberg Variations - Variations Nos. 1 & 2 by Johann Sebastian Bach,Goldberg variations - Variations Nos. 1 & 2 by Johann Sebastian Bach
Hanging On The Telephone by Blondie,Hanging On The Telephone by Blondie
Hanging On The Telephone by Blondie,Hanging on the Telephone by Blondie
Concerto in The Italian Style by Johann Sebastian Bach,Concerto in The Italian Style by Johann Sebastian Bach
Concerto in The Italian Style by Johann Sebastian Bach,Concerto in the Italian Style by Johann Sebastian Bach
Is This Love by Bob Marley,Is This Love by Bob Marley
Is This Love by Bob Marley,Is this Love by Bob Marley
Bachianas brasileiras No. 5 by Heitor Villa‚ÄêLobos,Bachianas brasileiras No. 5 by Heitor Villa‚ÄêLobos
Bachianas brasileiras No. 5 by Heitor Villa‚ÄêLobos,Bachianas Brasileiras no. 5 by Heitor Villa‚ÄêLobos
Symphony No. 4 In D Minor by Robert Schumann,Symphony No. 4 In D Minor by Robert Schumann
Symphony No. 4 In D Minor by Robert Schumann,Symphony No. 4 in D minor by Robert Schumann
Test Match Special - 09/08/1991 by Brian Johnston & Jonathan Agnew,Test Match Special - 09/08/1991 by Brian Johnston & Jonathan Agnew
Test Match Special - 09/08/1991 by Brian Johnston & Jonathan Agnew,Test Match Special 09/08/1991 by Brian Johnston & Jonathan Agnew
I Was Glad by Hubert Parry,I Was Glad by Hubert Parry
I Was Glad by Hubert Parry,I was Glad by Hubert Parry
Don't Stop Me Now by Queen,Don't Stop Me Now by Queen
Don't Stop Me Now by Queen,Don't Stop me Now by Queen
Deep In A Dream by Frank Sinatra,Deep In A Dream by Frank Sinatra
Deep In A Dream by Frank Sinatra,Deep in a Dream by Frank Sinatra
Zadok the Priest by George Frideric Handel,Zadok the Priest by George Frideric Handel
Zadok the Priest by George Frideric Handel,Zadok The Priest by George Frideric Handel
Piano Concerto in A Minor by Edvard Grieg,Piano Concerto in A Minor by Edvard Grieg
Piano Concerto in A Minor by Edvard Grieg,Piano Concerto in A minor by Edvard Grieg
Walk Of Life by Dire Straits,Walk Of Life by Dire Straits
Walk Of Life by Dire Straits,Walk of Life by Dire Straits
Into The Groove by Madonna,Into The Groove by Madonna
Into The Groove by Madonna,Into the Groove by Madonna
Le Bateau Des Iles by Tino Rossi,Le Bateau Des Iles by Tino Rossi
Le Bateau Des Iles by Tino Rossi,Le bateau des iles by Tino Rossi
Oh What A Beautiful Morning by Gordon MacRae,Oh What A Beautiful Morning by Gordon MacRae
Oh What A Beautiful Morning by Gordon MacRae,"Oh, What a Beautiful Morning by Gordon MacRae"
Diamonds On The Soles Of Her Shoes by Paul Simon,Diamonds On The Soles Of Her Shoes by Paul Simon
Diamonds On The Soles Of Her Shoes by Paul Simon,Diamonds on the Soles of her Shoes by Paul Simon
Violin Concerto in D Minor by Jean Sibelius,Violin Concerto in D Minor by Jean Sibelius
Violin Concerto in D Minor by Jean Sibelius,Violin Concerto in D minor by Jean Sibelius
The Reel Of The 51st Highland Division by Jimmy Shand and His Band,The Reel Of The 51st Highland Division by Jimmy Shand and His Band
The Reel Of The 51st Highland Division by Jimmy Shand and His Band,The Reel of the 51st Highland Division by Jimmy Shand and His Band
You Are The Sunshine Of My Life by Stevie Wonder,You Are The Sunshine Of My Life by Stevie Wonder
You Are The Sunshine Of My Life by Stevie Wonder,You are the Sunshine of My Life by Stevie Wonder
Suite for Solo Cello No. 1 in G Major - 1st movement by Johann Sebastian Bach,Suite for Solo Cello No. 1 in G Major - 1st movement by Johann Sebastian Bach
Suite for Solo Cello No. 1 in G Major - 1st movement by Johann Sebastian Bach,Suite for Solo Cello No. 1 in G major - 1st movement by Johann Sebastian Bach
The Creed by Choir of the Russian Church of the Metropolitan of Paris,The Creed by Choir of the Russian Church of the Metropolitan of Paris
The Creed by Choir of the Russian Church of the Metropolitan of Paris,The Creed by Choir of Russian Church of the Metropolitan of Paris
Bright Side Of The Road by Van Morrison,Bright Side Of The Road by Van Morrison
Bright Side Of The Road by Van Morrison,Bright Side of the Road by Van Morrison
Love Me Or Leave Me by Nina Simone,Love Me Or Leave Me by Nina Simone
Love Me Or Leave Me by Nina Simone,Love me or Leave Me by Nina Simone
A Kiss to Build a Dream On by Louis Armstrong,A Kiss to Build a Dream On by Louis Armstrong
A Kiss to Build a Dream On by Louis Armstrong,A Kiss To Build A Dream On by Louis Armstrong
Thanks A Million by Louis Armstrong & His Orchestra,Thanks A Million by Louis Armstrong & His Orchestra
Thanks A Million by Louis Armstrong & His Orchestra,Thanks a Million by Louis Armstrong & His Orchestra
Just One Of Those Things by Ella Fitzgerald,Just One Of Those Things by Ella Fitzgerald
Just One Of Those Things by Ella Fitzgerald,Just One of Those Things by Ella Fitzgerald
Train And The River by The Jimmy Giuffre Trio,Train And The River by The Jimmy Giuffre Trio
Train And The River by The Jimmy Giuffre Trio,Train and the River by The Jimmy Giuffre Trio
Song Of The Flea by Modest Mussorgsky,Song Of The Flea by Modest Mussorgsky
Song Of The Flea by Modest Mussorgsky,Song of the Flea by Modest Mussorgsky
Love Letters In The Sand by Pat Boone,Love Letters In The Sand by Pat Boone
Love Letters In The Sand by Pat Boone,Love Letters in the Sand by Pat Boone
De L'Autre Cote De La Rue by √âdith Piaf,De L'Autre Cote De La Rue by √âdith Piaf
De L'Autre Cote De La Rue by √âdith Piaf,De L'Autre Cote de la Rue by √âdith Piaf
How High The Moon by Les Paul & Mary Ford,How High The Moon by Les Paul & Mary Ford
How High The Moon by Les Paul & Mary Ford,How High the Moon by Les Paul & Mary Ford
Serenade In Blue by Glenn Miller Orchestra,Serenade In Blue by Glenn Miller Orchestra
Serenade In Blue by Glenn Miller Orchestra,Serenade in Blue by Glenn Miller Orchestra
Born in a Trunk by Judy Garland,Born in a Trunk by Judy Garland
Born in a Trunk by Judy Garland,Born In A Trunk by Judy Garland
Blow The Wind Southerly by Kathleen Ferrier & Phyllis Spurr,Blow The Wind Southerly by Kathleen Ferrier & Phyllis Spurr
Blow The Wind Southerly by Kathleen Ferrier & Phyllis Spurr,Blow the Wind Southerly by Kathleen Ferrier & Phyllis Spurr
We'll Keep A Welcome by Harry Secombe,We'll Keep A Welcome by Harry Secombe
We'll Keep A Welcome by Harry Secombe,We'll Keep a Welcome by Harry Secombe
(White Man) in Hammersmith Palais by The Clash,(White Man) in Hammersmith Palais by The Clash
(White Man) in Hammersmith Palais by The Clash,White Man in Hammersmith Palais by The Clash
Send In The Clowns by Sarah Vaughan,Send In The Clowns by Sarah Vaughan
Send In The Clowns by Sarah Vaughan,Send in the Clowns by Sarah Vaughan
Begin The Beguine by Artie Shaw and His Orchestra,Begin The Beguine by Artie Shaw and His Orchestra
Begin The Beguine by Artie Shaw and His Orchestra,Begin the Beguine by Artie Shaw and His Orchestra
Holding Back The Years by Simply Red,Holding Back The Years by Simply Red
Holding Back The Years by Simply Red,Holding Back the Years by Simply Red
I Belong to Glasgow by Will Fyffe,I Belong to Glasgow by Will Fyffe
I Belong to Glasgow by Will Fyffe,I Belong To Glasgow by Will Fyffe
Reasons To Be Cheerful Part 3 by Ian Dury & The Blockheads,Reasons To Be Cheerful Part 3 by Ian Dury & The Blockheads
Reasons To Be Cheerful Part 3 by Ian Dury & The Blockheads,Reasons to be Cheerful Part 3 by Ian Dury & The Blockheads
The Dream Of Gerontius (Prelude) by Edward Elgar,The Dream Of Gerontius (Prelude) by Edward Elgar
The Dream Of Gerontius (Prelude) by Edward Elgar,The Dream of Gerontius - Prelude by Edward Elgar
I Remember It Well (from Gigi),I Remember It Well (from Gigi)
I Remember It Well (from Gigi),I Remember it Well (from Gigi)
My  Funny Valentine by Chet Baker,My  Funny Valentine by Chet Baker
My  Funny Valentine by Chet Baker,My Funny Valentine by Chet Baker
The Man That Got Away by Judy Garland,The Man That Got Away by Judy Garland
The Man That Got Away by Judy Garland,The Man that Got Away by Judy Garland
Scenes From Childhood by Robert Schumann,Scenes From Childhood by Robert Schumann
Scenes From Childhood by Robert Schumann,Scenes from Childhood by Robert Schumann
"String Quartet No. 13 in B flat major, Op. 130 - 5th movement by Ludwig van Beethoven","String Quartet No. 13 in B flat major, Op. 130 - 5th movement by Ludwig van Beethoven"
"String Quartet No. 13 in B flat major, Op. 130 - 5th movement by Ludwig van Beethoven","String Quartet No. 13 in B flat major, Op 130 - 5th movement by Ludwig van Beethoven"
Lady In Red by Chris de Burgh,Lady In Red by Chris de Burgh
Lady In Red by Chris de Burgh,Lady in Red by Chris de Burgh
I'm A Woman by Peggy Lee,I'm A Woman by Peggy Lee
I'm A Woman by Peggy Lee,I'm a Woman by Peggy Lee
Read All About it by Emeli Sand√©,Read All About it by Emeli Sand√©
Read All About it by Emeli Sand√©,Read all about it by Emeli Sand√©
The Importance Of Being Ernest by Oscar Wilde,The Importance Of Being Ernest by Oscar Wilde
The Importance Of Being Ernest by Oscar Wilde,The Importance of Being Ernest by Oscar Wilde
Battle Hymn Of The Republic by The Tabernacle Choir at Temple Square,Battle Hymn Of The Republic by The Tabernacle Choir at Temple Square
Battle Hymn Of The Republic by The Tabernacle Choir at Temple Square,Battle Hymn of the Republic by The Tabernacle Choir at Temple Square
Symphony No. 5 in E flat major by Jean Sibelius,Symphony No. 5 in E flat major by Jean Sibelius
Symphony No. 5 in E flat major by Jean Sibelius,Symphony No. 5 In E Flat Major by Jean Sibelius
Sultans Of Swing by Dire Straits,Sultans Of Swing by Dire Straits
Sultans Of Swing by Dire Straits,Sultans of Swing by Dire Straits
Symphony No. 3 in D minor by Gustav Mahler,Symphony No. 3 in D minor by Gustav Mahler
Symphony No. 3 in D minor by Gustav Mahler,Symphony No. 3 in D Minor by Gustav Mahler
Violin Concerto in D major by Ludwig van Beethoven,Violin Concerto in D major by Ludwig van Beethoven
Violin Concerto in D major by Ludwig van Beethoven,Violin Concerto in D Major by Ludwig van Beethoven
Mass In B Minor by Johann Sebastian Bach,Mass In B Minor by Johann Sebastian Bach
Mass In B Minor by Johann Sebastian Bach,Mass in B Minor by Johann Sebastian Bach
Walking In The Rain by Grace Jones,Walking In The Rain by Grace Jones
Walking In The Rain by Grace Jones,Walking in the Rain by Grace Jones
Dance of the Gnomes by Franz Liszt,Dance of the Gnomes by Franz Liszt
Dance of the Gnomes by Franz Liszt,Dance Of The Gnomes by Franz Liszt
Diminuendo and Crescendo In Blue by Duke Ellington & His Orchestra,Diminuendo and Crescendo In Blue by Duke Ellington & His Orchestra
Diminuendo and Crescendo In Blue by Duke Ellington & His Orchestra,Diminuendo and Crescendo in Blue by Duke Ellington & His Orchestra
A Transport of Delight by Flanders and Swann,A Transport of Delight by Flanders and Swann
A Transport of Delight by Flanders and Swann,A Transport Of Delight by Flanders and Swann
Pride (In The Name of Love) by U2,Pride (In The Name of Love) by U2
Pride (In The Name of Love) by U2,Pride (In the Name of Love) by U2
Suite for Solo Cello No. 5 in C minor by Johann Sebastian Bach,Suite for Solo Cello No. 5 in C minor by Johann Sebastian Bach
Suite for Solo Cello No. 5 in C minor by Johann Sebastian Bach,Suite for Solo Cello No. 5 In C minor by Johann Sebastian Bach
Over the Rainbow by Judy Garland,Over the Rainbow by Judy Garland
Over the Rainbow by Judy Garland,Over The Rainbow by Judy Garland
La Vie En Rose by Louis Armstrong,La Vie En Rose by Louis Armstrong
La Vie En Rose by Louis Armstrong,La Vie en Rose by Louis Armstrong
L'Ame Des Po√®tes by Charles Trenet,L'Ame Des Po√®tes by Charles Trenet
L'Ame Des Po√®tes by Charles Trenet,L'Ame des Po√®tes by Charles Trenet
Sonata in F Minor by Johannes Brahms,Sonata in F Minor by Johannes Brahms
Sonata in F Minor by Johannes Brahms,Sonata in F minor by Johannes Brahms
I'm Gonna Be  (500 Miles) by The Proclaimers,I'm Gonna Be  (500 Miles) by The Proclaimers
I'm Gonna Be  (500 Miles) by The Proclaimers,I'm Gonna Be (500 Miles) by The Proclaimers
Lo! Hear The Gentle Lark by Sir Henry Rowley Bishop,Lo! Hear The Gentle Lark by Sir Henry Rowley Bishop
Lo! Hear The Gentle Lark by Sir Henry Rowley Bishop,Lo! Hear the Gentle Lark by Sir Henry Rowley Bishop
Symphony No. 5 in C minor by Ludwig van Beethoven,Symphony No. 5 in C minor by Ludwig van Beethoven
Symphony No. 5 in C minor by Ludwig van Beethoven,Symphony No. 5 In C Minor by Ludwig van Beethoven
Symphony No. 2 in D major by Johannes Brahms,Symphony No. 2 in D major by Johannes Brahms
Symphony No. 2 in D major by Johannes Brahms,Symphony No. 2 in D Major by Johannes Brahms
The Surrey with the Fringe on Top by Lena Horne,The Surrey with the Fringe on Top by Lena Horne
The Surrey with the Fringe on Top by Lena Horne,The Surrey With the Fringe on Top by Lena Horne
Rock-a-Bye Your Baby by Judy Garland,Rock-a-Bye Your Baby by Judy Garland
Rock-a-Bye Your Baby by Judy Garland,Rock-A-Bye Your Baby by Judy Garland
You've Got To Hide Your Love Away by The Beatles,You've Got To Hide Your Love Away by The Beatles
You've Got To Hide Your Love Away by The Beatles,You've Got to Hide Your Love Away by The Beatles
Variations On A Theme Of Frank Bridge by Benjamin Britten,Variations On A Theme Of Frank Bridge by Benjamin Britten
Variations On A Theme Of Frank Bridge by Benjamin Britten,Variations on a Theme of Frank Bridge by Benjamin Britten
Moments Of Pleasure by Kate Bush,Moments Of Pleasure by Kate Bush
Moments Of Pleasure by Kate Bush,Moments of Pleasure by Kate Bush
He's A Tramp by Peggy Lee,He's A Tramp by Peggy Lee
He's A Tramp by Peggy Lee,He's a Tramp by Peggy Lee
Visions Of Johanna by Bob Dylan,Visions Of Johanna by Bob Dylan
Visions Of Johanna by Bob Dylan,Visions of Johanna by Bob Dylan
"The foggy, foggy dew by Benjamin Britten","The foggy, foggy dew by Benjamin Britten"
"The foggy, foggy dew by Benjamin Britten","The Foggy, Foggy Dew by Benjamin Britten"
The Marriage of Figaro Overture by Wolfgang Amadeus Mozart,The Marriage of Figaro Overture by Wolfgang Amadeus Mozart
The Marriage of Figaro Overture by Wolfgang Amadeus Mozart,The Marriage Of Figaro Overture by Wolfgang Amadeus Mozart
A Hymn To Him by Rex Harrison,A Hymn To Him by Rex Harrison
A Hymn To Him by Rex Harrison,A Hymn to Him by Rex Harrison
Also Sprach Zarathustra by Richard Strauss,Also Sprach Zarathustra by Richard Strauss
Also Sprach Zarathustra by Richard Strauss,Also sprach Zarathustra by Richard Strauss
"String Quartet No. 12 in E flat major, Op. 127 by Ludwig van Beethoven","String Quartet No. 12 in E flat major, Op. 127 by Ludwig van Beethoven"
"String Quartet No. 12 in E flat major, Op. 127 by Ludwig van Beethoven","String Quartet No. 12 in E Flat Major, Op. 127 by Ludwig van Beethoven"
As Long as He Needs Me by Shirley Bassey,As Long as He Needs Me by Shirley Bassey
As Long as He Needs Me by Shirley Bassey,As Long As He Needs Me by Shirley Bassey
Arrival of the Queen of Sheba by George Frideric Handel,Arrival of the Queen of Sheba by George Frideric Handel
Arrival of the Queen of Sheba by George Frideric Handel,The Arrival of the Queen of Sheba by George Frideric Handel
Georgia On My Mind by The Oscar Peterson Trio,Georgia On My Mind by The Oscar Peterson Trio
Georgia On My Mind by The Oscar Peterson Trio,Georgia on My Mind by The Oscar Peterson Trio
Land of My Fathers by Bryn Terfel,Land of My Fathers by Bryn Terfel
Land of My Fathers by Bryn Terfel,Land of my Fathers by Bryn Terfel
Hearts And Bones by Paul Simon,Hearts And Bones by Paul Simon
Hearts And Bones by Paul Simon,Hearts and Bones by Paul Simon
You've Changed by Billie Holiday,You've Changed by Billie Holiday
You've Changed by Billie Holiday,You've changed by Billie Holiday
He was Despised (from Messiah) by George Frideric Handel,He was Despised (from Messiah) by George Frideric Handel
He was Despised (from Messiah) by George Frideric Handel,He was despised (from Messiah) by George Frideric Handel
"String Quartet No. 9 in C Major, Op. 59/3 'Rasumovsky' by Ludwig van Beethoven","String Quartet No. 9 in C Major, Op. 59/3 'Rasumovsky' by Ludwig van Beethoven"
"String Quartet No. 9 in C Major, Op. 59/3 'Rasumovsky' by Ludwig van Beethoven","String Quartet No. 9 in C major, Op. 59/3 'Rasumovsky' by Ludwig van Beethoven"
With a Little Bit of Luck by Stanley Holloway,With a Little Bit of Luck by Stanley Holloway
With a Little Bit of Luck by Stanley Holloway,With A Little Bit Of Luck by Stanley Holloway
Symphony No. 4 in E minor by Johannes Brahms,Symphony No. 4 in E minor by Johannes Brahms
Symphony No. 4 in E minor by Johannes Brahms,Symphony No. 4 In E Minor by Johannes Brahms
Concerto For Double String Orchestra by Michael Tippett,Concerto For Double String Orchestra by Michael Tippett
Concerto For Double String Orchestra by Michael Tippett,Concerto for Double String Orchestra by Michael Tippett
Violin Concerto No. 1 in G minor by Max Bruch,Violin Concerto No. 1 in G minor by Max Bruch
Violin Concerto No. 1 in G minor by Max Bruch,Violin Concerto No. 1 in G Minor by Max Bruch
They Can't Take That Away From Me by Fred Astaire,They Can't Take That Away From Me by Fred Astaire
They Can't Take That Away From Me by Fred Astaire,They Can't Take that Away from Me by Fred Astaire
Piano Concerto No. 2 in B flat major by Johannes Brahms,Piano Concerto No. 2 in B flat major by Johannes Brahms
Piano Concerto No. 2 in B flat major by Johannes Brahms,Piano Concerto No. 2 in B Flat Major by Johannes Brahms
The Marriage Of Figaro by Wolfgang Amadeus Mozart,The Marriage Of Figaro by Wolfgang Amadeus Mozart
The Marriage Of Figaro by Wolfgang Amadeus Mozart,The Marriage of Figaro by Wolfgang Amadeus Mozart
My Very Good Friend the Milkman by Fats Waller,My Very Good Friend the Milkman by Fats Waller
My Very Good Friend the Milkman by Fats Waller,My Very Good Friend The Milkman by Fats Waller
I Left My Heart In San Francisco,I Left My Heart In San Francisco
I Left My Heart In San Francisco,I Left My Heart in San Francisco
Concierto De Aranjuez,Concierto De Aranjuez
Concierto De Aranjuez,Concierto de Aranjuez
"St Matthew Passion - Kommt, ihr T√∂chter by Johann Sebastian Bach","St Matthew Passion - Kommt, ihr T√∂chter by Johann Sebastian Bach"
"St Matthew Passion - Kommt, ihr T√∂chter by Johann Sebastian Bach","St Matthew Passion - Kommt, Ihr T√∂chter by Johann Sebastian Bach"
Violin Concerto in E Minor by Felix Mendelssohn,Violin Concerto in E Minor by Felix Mendelssohn
Violin Concerto in E Minor by Felix Mendelssohn,Violin Concerto in E minor by Felix Mendelssohn
The Lady Is A Tramp by Lena Horne,The Lady Is A Tramp by Lena Horne
The Lady Is A Tramp by Lena Horne,The Lady is a Tramp by Lena Horne
Arrival of the Queen of Sheba (from Solomon) by George Frideric Handel,Arrival of the Queen of Sheba (from Solomon) by George Frideric Handel
Arrival of the Queen of Sheba (from Solomon) by George Frideric Handel,Arrival Of The Queen Of Sheba (from Solomon) by George Frideric Handel
Piano Concerto No. 1 in C major by Ludwig van Beethoven,Piano Concerto No. 1 in C major by Ludwig van Beethoven
Piano Concerto No. 1 in C major by Ludwig van Beethoven,Piano Concerto No. 1 in C Major by Ludwig van Beethoven
Piano Concerto in A Minor - 1st Movement by Edvard Grieg,Piano Concerto in A Minor - 1st Movement by Edvard Grieg
Piano Concerto in A Minor - 1st Movement by Edvard Grieg,Piano Concerto in A minor - 1st movement by Edvard Grieg
Do Not Go Gentle into that Good Night by Dylan Thomas,Do Not Go Gentle into that Good Night by Dylan Thomas
Do Not Go Gentle into that Good Night by Dylan Thomas,Do Not Go Gentle Into That Good Night by Dylan Thomas
Roses Of Picardy by Haydn Wood,Roses Of Picardy by Haydn Wood
Roses Of Picardy by Haydn Wood,Roses of Picardy by Haydn Wood
The Day That The Circus Left Town by Eartha Kitt,The Day That The Circus Left Town by Eartha Kitt
The Day That The Circus Left Town by Eartha Kitt,The Day That the Circus Left Town by Eartha Kitt
If I Were A Rich Man by Topol,If I Were A Rich Man by Topol
If I Were A Rich Man by Topol,If I Were a Rich Man by Topol
Ring Of Fire by Johnny Cash,Ring Of Fire by Johnny Cash
Ring Of Fire by Johnny Cash,Ring of Fire by Johnny Cash
Blest Pair Of Sirens by Hubert Parry,Blest Pair Of Sirens by Hubert Parry
Blest Pair Of Sirens by Hubert Parry,Blest Pair of Sirens by Hubert Parry
Stairway To Heaven by Led Zeppelin,Stairway To Heaven by Led Zeppelin
Stairway To Heaven by Led Zeppelin,Stairway to Heaven by Led Zeppelin
Come Rain Or Come Shine by Judy Garland,Come Rain Or Come Shine by Judy Garland
Come Rain Or Come Shine by Judy Garland,Come Rain or Come Shine by Judy Garland
And This Is My Beloved by Doretta Morrow,And This Is My Beloved by Doretta Morrow
And This Is My Beloved by Doretta Morrow,And This is My Beloved by Doretta Morrow
F.E.A.R by Ian Brown,F.E.A.R by Ian Brown
F.E.A.R by Ian Brown,F.E.A.R. by Ian Brown
Symphony No. 9 in C major 'Great' by Franz Schubert,Symphony No. 9 in C major 'Great' by Franz Schubert
Symphony No. 9 in C major 'Great' by Franz Schubert,Symphony No. 9 In C major 'Great' by Franz Schubert
When I Fall In Love by Nat King Cole,When I Fall In Love by Nat King Cole
When I Fall In Love by Nat King Cole,When I Fall in Love by Nat King Cole
Us and Them by Pink Floyd,Us and Them by Pink Floyd
Us and Them by Pink Floyd,Us And Them by Pink Floyd
The Swan Of Tuonela by Jean Sibelius,The Swan Of Tuonela by Jean Sibelius
The Swan Of Tuonela by Jean Sibelius,The Swan of Tuonela by Jean Sibelius
Sweet Caroline (Good Times Never Seemed so Good) by Neil Diamond,Sweet Caroline (Good Times Never Seemed so Good) by Neil Diamond
Sweet Caroline (Good Times Never Seemed so Good) by Neil Diamond,Sweet Caroline (Good Times Never Seemed So Good) by Neil Diamond
The Man Who Broke The Bank At Monte Carlo by Charles Coborn,The Man Who Broke The Bank At Monte Carlo by Charles Coborn
The Man Who Broke The Bank At Monte Carlo by Charles Coborn,The Man Who Broke the Bank at Monte Carlo by Charles Coborn
How High the Moon by Ella Fitzgerald,How High the Moon by Ella Fitzgerald
How High the Moon by Ella Fitzgerald,How high the Moon by Ella Fitzgerald
Octet in F major by Franz Schubert,Octet in F major by Franz Schubert
Octet in F major by Franz Schubert,Octet In F Major by Franz Schubert
March Of The Men Of Harlech by Morriston Orpheus Choir,March Of The Men Of Harlech by Morriston Orpheus Choir
March Of The Men Of Harlech by Morriston Orpheus Choir,March of the Men of Harlech by Morriston Orpheus Choir
I Dreamed A Dream by Susan Boyle,I Dreamed A Dream by Susan Boyle
I Dreamed A Dream by Susan Boyle,I Dreamed a Dream by Susan Boyle
The Times They are A-Changin' by Bob Dylan,The Times They are A-Changin' by Bob Dylan
The Times They are A-Changin' by Bob Dylan,The Times They Are A-Changin' by Bob Dylan
Fix You by Coldplay,Fix You by Coldplay
Fix You by Coldplay,Fix you by Coldplay
Symphony No. 3 in F major by Johannes Brahms,Symphony No. 3 in F major by Johannes Brahms
Symphony No. 3 in F major by Johannes Brahms,Symphony No. 3 in F Major by Johannes Brahms
L'amour est un oiseau rebelle (Habanera) (from Carmen) by Georges Bizet,L'amour est un oiseau rebelle (Habanera) (from Carmen) by Georges Bizet
L'amour est un oiseau rebelle (Habanera) (from Carmen) by Georges Bizet,L'amour est un oiseau rebelle 'Habanera' (from Carmen) by Georges Bizet
L'enfant et les sortil√®ges by Maurice Ravel,L'enfant et les sortil√®ges by Maurice Ravel
L'enfant et les sortil√®ges by Maurice Ravel,L'Enfant et les Sortil√®ges by Maurice Ravel
Bach Goes To Town by Benny Goodman and His Orchestra,Bach Goes To Town by Benny Goodman and His Orchestra
Bach Goes To Town by Benny Goodman and His Orchestra,Bach Goes to Town by Benny Goodman and His Orchestra
The Dream Of Gerontius by Edward Elgar,The Dream Of Gerontius by Edward Elgar
The Dream Of Gerontius by Edward Elgar,The Dream of Gerontius by Edward Elgar
Drive In Saturday by David Bowie,Drive In Saturday by David Bowie
Drive In Saturday by David Bowie,Drive in Saturday by David Bowie
Take the A Train by Duke Ellington & His Orchestra,Take the A Train by Duke Ellington & His Orchestra
Take the A Train by Duke Ellington & His Orchestra,Take The A Train by Duke Ellington & His Orchestra
Young Person's Guide To The Orchestra by Benjamin Britten,Young Person's Guide To The Orchestra by Benjamin Britten
Young Person's Guide To The Orchestra by Benjamin Britten,Young Person's Guide to the Orchestra by Benjamin Britten
Speech At The Oxford Union by Gerard Hoffnung,Speech At The Oxford Union by Gerard Hoffnung
Speech At The Oxford Union by Gerard Hoffnung,Speech at the Oxford Union by Gerard Hoffnung
The Songs Of The Black Hussars by Chauve-Souris Company,The Songs Of The Black Hussars by Chauve-Souris Company
The Songs Of The Black Hussars by Chauve-Souris Company,The Songs of the Black Hussars by Chauve-Souris Company
Piano Concerto No. 5 in E flat major 'Emperor'  - 2nd movement by Ludwig van Beethoven,Piano Concerto No. 5 in E flat major 'Emperor'  - 2nd movement by Ludwig van Beethoven
Piano Concerto No. 5 in E flat major 'Emperor'  - 2nd movement by Ludwig van Beethoven,Piano Concerto No. 5 in E flat major 'Emperor' - 2nd movement by Ludwig van Beethoven
Au fond du temple saint (from The Pearl Fishers) by Georges Bizet,Au fond du temple saint (from The Pearl Fishers) by Georges Bizet
Au fond du temple saint (from The Pearl Fishers) by Georges Bizet,Au fond du Temple Saint from the Pearl Fishers by Georges Bizet
I Want To Hold Your Hand by The Beatles,I Want To Hold Your Hand by The Beatles
I Want To Hold Your Hand by The Beatles,I Want to Hold Your Hand by The Beatles
Falling In Love Again by Marlene Dietrich,Falling In Love Again by Marlene Dietrich
Falling In Love Again by Marlene Dietrich,Falling in Love Again by Marlene Dietrich
Life Is Just A Bowl Of Cherries by Judy Garland,Life Is Just A Bowl Of Cherries by Judy Garland
Life Is Just A Bowl Of Cherries by Judy Garland,Life is Just a Bowl of Cherries by Judy Garland
Love For Sale by Ella Fitzgerald,Love For Sale by Ella Fitzgerald
Love For Sale by Ella Fitzgerald,Love for Sale by Ella Fitzgerald
Quartet for the End of Time by Olivier Messiaen,Quartet for the End of Time by Olivier Messiaen
Quartet for the End of Time by Olivier Messiaen,Messiaen: Quartet for the End of Time by Olivier Messiaen
A Mind Of Winter by George Benjamin,A Mind Of Winter by George Benjamin
A Mind Of Winter by George Benjamin,A Mind of Winter by George Benjamin
Let It Be Me by The Everly Brothers,Let It Be Me by The Everly Brothers
Let It Be Me by The Everly Brothers,Let it Be Me by The Everly Brothers
Do You Really Want To Hurt Me by Culture Club,Do You Really Want To Hurt Me by Culture Club
Do You Really Want To Hurt Me by Culture Club,Do You Really Want To Hurt Me? by Culture Club
Scotland The Brave by Kenneth McKellar,Scotland The Brave by Kenneth McKellar
Scotland The Brave by Kenneth McKellar,Scotland the Brave by Kenneth McKellar
I have attained the highest power (from Boris Godunov) by Modest Mussorgsky,I have attained the highest power (from Boris Godunov) by Modest Mussorgsky
I have attained the highest power (from Boris Godunov) by Modest Mussorgsky,I Have Attained the Highest Power (from Boris Godunov) by Modest Mussorgsky
Love Will Find a Way by Jos√© Collins,Love Will Find a Way by Jos√© Collins
Love Will Find a Way by Jos√© Collins,Love Will Find A Way by Jos√© Collins
Top of the World by Carpenters,Top of the World by Carpenters
Top of the World by Carpenters,Top Of The World by Carpenters
Smoke Gets In Your Eyes by Larry Adler,Smoke Gets In Your Eyes by Larry Adler
Smoke Gets In Your Eyes by Larry Adler,Smoke Gets in Your Eyes by Larry Adler
I'm Gonna Sit Right Down and Write Myself A Letter by Fats Waller and His Rhythm,I'm Gonna Sit Right Down and Write Myself A Letter by Fats Waller and His Rhythm
I'm Gonna Sit Right Down and Write Myself A Letter by Fats Waller and His Rhythm,I'm Gonna Sit Right Down and Write Myself a Letter by Fats Waller and His Rhythm
Symphony No. 4 In F Minor by Peter Ilyich Tchaikovsky,Symphony No. 4 In F Minor by Peter Ilyich Tchaikovsky
Symphony No. 4 In F Minor by Peter Ilyich Tchaikovsky,Symphony No. 4 in F Minor by Peter Ilyich Tchaikovsky
The Holly And The Ivy by King's College Chapel Choir,The Holly And The Ivy by King's College Chapel Choir
The Holly And The Ivy by King's College Chapel Choir,The Holly and The Ivy by King's College Chapel Choir
Summer Night On The River by Frederick Delius,Summer Night On The River by Frederick Delius
Summer Night On The River by Frederick Delius,Summer Night on the River by Frederick Delius
Like a Rolling Stone by Bob Dylan,Like a Rolling Stone by Bob Dylan
Like a Rolling Stone by Bob Dylan,Like A Rolling Stone by Bob Dylan
Let's Face the Music and Dance by Fred Astaire,Let's Face the Music and Dance by Fred Astaire
Let's Face the Music and Dance by Fred Astaire,Let's Face The Music And Dance by Fred Astaire
Island In The Sun by Harry Belafonte,Island In The Sun by Harry Belafonte
Island In The Sun by Harry Belafonte,Island in the Sun by Harry Belafonte
Clair de lune (from Suite bergamasque) by Claude Debussy,Clair de lune (from Suite bergamasque) by Claude Debussy
Clair de lune (from Suite bergamasque) by Claude Debussy,Clair de Lune (from Suite Bergamasque) by Claude Debussy
"Leaving On A Jet Plane by Peter, Paul & Mary","Leaving On A Jet Plane by Peter, Paul & Mary"
"Leaving On A Jet Plane by Peter, Paul & Mary","Leaving on a Jet Plane by Peter, Paul & Mary"
In The Bleak Midwinter by Gustav Holst & Christina Rossetti,In The Bleak Midwinter by Gustav Holst & Christina Rossetti
In The Bleak Midwinter by Gustav Holst & Christina Rossetti,In the Bleak Midwinter by Gustav Holst & Christina Rossetti
Bach Goes To Town by George Malcolm,Bach Goes To Town by George Malcolm
Bach Goes To Town by George Malcolm,Bach Goes to Town by George Malcolm
Ave verum corpus by Wolfgang Amadeus Mozart,Ave verum corpus by Wolfgang Amadeus Mozart
Ave verum corpus by Wolfgang Amadeus Mozart,"Ave, Verum Corpus by Wolfgang Amadeus Mozart"
The Girl from Ipanema,The Girl from Ipanema
The Girl from Ipanema,The Girl From Ipanema
Sacrificial Dance (from The Rite of Spring) by Igor Stravinsky,Sacrificial Dance (from The Rite of Spring) by Igor Stravinsky
Sacrificial Dance (from The Rite of Spring) by Igor Stravinsky,The Sacrificial Dance from the Rite of Spring by Igor Stravinsky
The Importance of Being Ernest (Act 1) by Oscar Wilde,The Importance of Being Ernest (Act 1) by Oscar Wilde
The Importance of Being Ernest (Act 1) by Oscar Wilde,The Importance Of Being Ernest (Act 1) by Oscar Wilde
Fantasia On Greensleeves by Ralph Vaughan Williams,Fantasia On Greensleeves by Ralph Vaughan Williams
Fantasia On Greensleeves by Ralph Vaughan Williams,Fantasia on Greensleeves by Ralph Vaughan Williams
The Road To Morocco,The Road To Morocco
The Road To Morocco,The Road to Morocco
June In January,June In January
June In January,June in January
There's A Hole In My Bucket by Harry Belafonte,There's A Hole In My Bucket by Harry Belafonte
There's A Hole In My Bucket by Harry Belafonte,There's a Hole in My Bucket by Harry Belafonte
Blow the Wind Southerly by Kathleen Ferrier,Blow the Wind Southerly by Kathleen Ferrier
Blow the Wind Southerly by Kathleen Ferrier,Blow The Wind Southerly by Kathleen Ferrier
Serenade To Music by Ralph Vaughan Williams,Serenade To Music by Ralph Vaughan Williams
Serenade To Music by Ralph Vaughan Williams,Serenade to Music by Ralph Vaughan Williams
Dancing In The Dark by Bruce Springsteen,Dancing In The Dark by Bruce Springsteen
Dancing In The Dark by Bruce Springsteen,Dancing in the Dark by Bruce Springsteen
Me And Bobby McGee by Janis Joplin,Me And Bobby McGee by Janis Joplin
Me And Bobby McGee by Janis Joplin,Me and Bobby McGee by Janis Joplin
All the Way by Frank Sinatra,All the Way by Frank Sinatra
All the Way by Frank Sinatra,All The Way by Frank Sinatra
The Italian Girl in Algiers Overture by Gioachino Rossini,The Italian Girl in Algiers Overture by Gioachino Rossini
The Italian Girl in Algiers Overture by Gioachino Rossini,The Italian Girl In Algiers Overture by Gioachino Rossini
Piano Concerto in A Minor by Robert Schumann,Piano Concerto in A Minor by Robert Schumann
Piano Concerto in A Minor by Robert Schumann,Piano Concerto in A minor by Robert Schumann
The Rite of Spring by Igor Stravinsky,The Rite of Spring by Igor Stravinsky
The Rite of Spring by Igor Stravinsky,The Rite Of Spring by Igor Stravinsky
I'm Going To See You Today by Joyce Grenfell,I'm Going To See You Today by Joyce Grenfell
I'm Going To See You Today by Joyce Grenfell,I'm Going to See You Today by Joyce Grenfell
One Nation Under A Groove by Funkadelic,One Nation Under A Groove by Funkadelic
One Nation Under A Groove by Funkadelic,One Nation Under a Groove by Funkadelic
Love Is The Sweetest Thing by Al Bowlly,Love Is The Sweetest Thing by Al Bowlly
Love Is The Sweetest Thing by Al Bowlly,Love is the Sweetest Thing by Al Bowlly
How Can We Hang On To A Dream? by Tim Hardin,How Can We Hang On To A Dream? by Tim Hardin
How Can We Hang On To A Dream? by Tim Hardin,How Can We Hang On to a Dream? by Tim Hardin
Under The Double Eagle by Josef Franz Wagner,Under The Double Eagle by Josef Franz Wagner
Under The Double Eagle by Josef Franz Wagner,Under the Double Eagle by Josef Franz Wagner
Piano Concerto No. 3 in D minor by Sergey Rachmaninov,Piano Concerto No. 3 in D minor by Sergey Rachmaninov
Piano Concerto No. 3 in D minor by Sergey Rachmaninov,Piano Concerto No. 3 in D Minor by Sergey Rachmaninov
Music for the Royal Fireworks by George Frideric Handel,Music for the Royal Fireworks by George Frideric Handel
Music for the Royal Fireworks by George Frideric Handel,Music For The Royal Fireworks by George Frideric Handel
Violin Concerto in B Minor by Edward Elgar,Violin Concerto in B Minor by Edward Elgar
Violin Concerto in B Minor by Edward Elgar,Violin Concerto in B minor by Edward Elgar
"Bess, you is my woman now (from Porgy and Bess) by Camilla Williams & Lawrence Winters","Bess, you is my woman now (from Porgy and Bess) by Camilla Williams & Lawrence Winters"
"Bess, you is my woman now (from Porgy and Bess) by Camilla Williams & Lawrence Winters","Bess, you is my woman now (from Porgy and Bess) by Lawrence Winters & Camilla Williams"
God Bless The Child by Billie Holiday,God Bless The Child by Billie Holiday
God Bless The Child by Billie Holiday,God Bless the Child by Billie Holiday
Brandenburg Concerto No. 5 In D Major by Johann Sebastian Bach,Brandenburg Concerto No. 5 In D Major by Johann Sebastian Bach
Brandenburg Concerto No. 5 In D Major by Johann Sebastian Bach,Brandenburg Concerto No. 5 In D major by Johann Sebastian Bach
Que reste-t-il do nos amours? What remains of our love? by Charles Trenet,Que reste-t-il do nos amours? What remains of our love? by Charles Trenet
Que reste-t-il do nos amours? What remains of our love? by Charles Trenet,Que reste-t-il do nos amours? What remains of our love by Charles Trenet
La Vie En Rose by The Mantovani Orchestra,La Vie En Rose by The Mantovani Orchestra
La Vie En Rose by The Mantovani Orchestra,La Vie en Rose by The Mantovani Orchestra
Once In Royal David's City by King's College Chapel Choir,Once In Royal David's City by King's College Chapel Choir
Once In Royal David's City by King's College Chapel Choir,Once in Royal David's City by King's College Chapel Choir
Orpheus in the Underworld by Jacques Offenbach,Orpheus in the Underworld by Jacques Offenbach
Orpheus in the Underworld by Jacques Offenbach,Orpheus In The Underworld by Jacques Offenbach
The Boys of Summer by Don Henley,The Boys of Summer by Don Henley
The Boys of Summer by Don Henley,The Boys Of Summer by Don Henley
I'm Gonna Sit Right Down and Write Myself A Letter by Fats Waller,I'm Gonna Sit Right Down and Write Myself A Letter by Fats Waller
I'm Gonna Sit Right Down and Write Myself A Letter by Fats Waller,I'm Gonna Sit Right Down and Write Myself a Letter by Fats Waller
You're The Top by Cole Porter,You're The Top by Cole Porter
You're The Top by Cole Porter,You're the Top by Cole Porter
Mass in B minor  - Gloria in excelsis by Johann Sebastian Bach,Mass in B minor  - Gloria in excelsis by Johann Sebastian Bach
Mass in B minor  - Gloria in excelsis by Johann Sebastian Bach,Mass in B minor - Gloria in excelsis by Johann Sebastian Bach
Come Fly With Me by Frank Sinatra,Come Fly With Me by Frank Sinatra
Come Fly With Me by Frank Sinatra,Come Fly with Me by Frank Sinatra
She Moved Through The Fair by Kenneth McKellar,She Moved Through The Fair by Kenneth McKellar
She Moved Through The Fair by Kenneth McKellar,She Moved Through the Fair by Kenneth McKellar
You're The Top by Ethel Merman,You're The Top by Ethel Merman
You're The Top by Ethel Merman,You're the Top by Ethel Merman
The Stately Homes Of England by No√´l Coward,The Stately Homes Of England by No√´l Coward
The Stately Homes Of England by No√´l Coward,The Stately Homes of England by No√´l Coward
Three Coins In The Fountain by Frank Sinatra,Three Coins In The Fountain by Frank Sinatra
Three Coins In The Fountain by Frank Sinatra,Three Coins in the Fountain by Frank Sinatra
Symphony Of Psalms by Igor Stravinsky,Symphony Of Psalms by Igor Stravinsky
Symphony Of Psalms by Igor Stravinsky,Symphony of Psalms by Igor Stravinsky
By The Light Of The Silvery Moon by Doris Day,By The Light Of The Silvery Moon by Doris Day
By The Light Of The Silvery Moon by Doris Day,By the Light of the Silvery Moon by Doris Day
You Can Call Me Al by Paul Simon,You Can Call Me Al by Paul Simon
You Can Call Me Al by Paul Simon,You can call me Al by Paul Simon
